model,game_id,season,week,market,pick_team,pick_home,side,confidence,conf_tier,safe_bet,odds,stake,profit,result,edge
composite_baseline,2021_01_DAL_TB,2021,1,ats,TB,True,,83.79725185400744,Strong,True,110.0,1.0,-1.0,loss,
composite_baseline,2021_01_DAL_TB,2021,1,moneyline,TB,True,,83.79725185400744,Strong,True,-425.0,1.0,0.23529411764705882,win,0.02844870901626495
composite_baseline,2021_01_JAX_HOU,2021,1,ats,HOU,True,,70.23146873264004,Moderate,False,-113.0,1.0,0.8849557522123894,win,
composite_baseline,2021_01_JAX_HOU,2021,1,moneyline,HOU,True,,70.23146873264004,Moderate,False,154.0,1.0,1.54,win,0.30861389992482563
composite_baseline,2021_01_JAX_HOU,2021,1,total,HOU,True,over,70.23146873264004,Moderate,False,-110.0,1.0,0.9090909090909091,win,
composite_baseline,2021_01_SF_DET,2021,1,ats,SF,False,,70.07668224955823,Moderate,True,-105.0,1.0,-1.0,loss,
composite_baseline,2021_01_SF_DET,2021,1,total,SF,False,over,70.07668224955823,Moderate,True,-110.0,1.0,0.9090909090909091,win,
composite_baseline,2021_01_MIA_NE,2021,1,ats,MIA,False,,73.56215215751855,Moderate,False,-113.0,1.0,0.8849557522123894,win,
composite_baseline,2021_01_MIA_NE,2021,1,moneyline,MIA,False,,73.56215215751855,Moderate,False,155.0,1.0,1.55,win,0.34346465883008753
composite_baseline,2021_01_MIA_NE,2021,1,total,MIA,False,under,73.56215215751855,Moderate,False,-110.0,1.0,0.9090909090909091,win,
composite_baseline,2021_01_BAL_LV,2021,1,ats,BAL,False,,79.63568090493646,Moderate,True,-116.0,1.0,-1.0,loss,
composite_baseline,2021_01_BAL_LV,2021,1,moneyline,BAL,False,,79.63568090493646,Moderate,True,-167.0,1.0,-1.0,loss,0.1708886442553572
composite_baseline,2021_01_BAL_LV,2021,1,total,BAL,False,over,79.63568090493646,Moderate,True,-110.0,1.0,0.9090909090909091,win,
composite_baseline,2021_02_DEN_JAX,2021,2,ats,DEN,False,,71.5594270694804,Moderate,True,104.0,1.0,1.04,win,
composite_baseline,2021_02_DEN_JAX,2021,2,moneyline,DEN,False,,71.5594270694804,Moderate,True,-241.0,1.0,0.4149377593360996,win,0.008849402659613426
composite_baseline,2021_02_DEN_JAX,2021,2,total,DEN,False,over,71.5594270694804,Moderate,True,-110.0,1.0,-1.0,loss,
composite_baseline,2021_02_NO_CAR,2021,2,ats,NO,False,,81.62288630091636,Strong,True,102.0,1.0,-1.0,loss,
composite_baseline,2021_02_NO_CAR,2021,2,moneyline,NO,False,,81.62288630091636,Strong,True,-145.0,1.0,-1.0,loss,0.2243921283152861
composite_baseline,2021_02_NO_CAR,2021,2,total,NO,False,over,81.62288630091636,Strong,True,-110.0,1.0,-1.0,loss,
composite_baseline,2021_02_ATL_TB,2021,2,ats,TB,True,,88.69276577513303,Strong,True,-102.0,1.0,0.9803921568627451,win,
composite_baseline,2021_02_ATL_TB,2021,2,moneyline,TB,True,,88.69276577513303,Strong,True,-772.0,1.0,0.12953367875647667,win,0.0016065568338990976
composite_baseline,2021_02_ATL_TB,2021,2,total,TB,True,under,88.69276577513303,Strong,True,-110.0,1.0,-1.0,loss,
composite_baseline,2021_02_DET_GB,2021,2,ats,GB,True,,84.57347843696962,Strong,True,102.0,1.0,1.02,win,
composite_baseline,2021_02_DET_GB,2021,2,moneyline,GB,True,,84.57347843696962,Strong,True,-494.0,1.0,0.20242914979757085,win,0.01408495271986454
composite_baseline,2021_02_DET_GB,2021,2,total,GB,True,over,84.57347843696962,Strong,True,-110.0,1.0,0.9090909090909091,win,
composite_baseline,2021_03_ARI_JAX,2021,3,ats,ARI,False,,80.16249071179821,Strong,True,-101.0,1.0,0.9900990099009901,win,
composite_baseline,2021_03_ARI_JAX,2021,3,moneyline,ARI,False,,80.16249071179821,Strong,True,-360.0,1.0,0.2777777777777778,win,0.01901621146580823
composite_baseline,2021_03_ARI_JAX,2021,3,total,ARI,False,under,80.16249071179821,Strong,True,-110.0,1.0,0.9090909090909091,win,
composite_baseline,2021_03_BAL_DET,2021,3,ats,BAL,False,,83.2646561678495,Strong,False,-100.0,1.0,-1.0,loss,
composite_baseline,2021_03_BAL_DET,2021,3,moneyline,BAL,False,,83.2646561678495,Strong,False,-344.0,1.0,0.29069767441860467,win,0.05787178690372019
composite_baseline,2021_03_BAL_DET,2021,3,total,BAL,False,over,83.2646561678495,Strong,False,-110.0,1.0,-1.0,loss,
composite_baseline,2021_03_NO_NE,2021,3,ats,NO,False,,76.17672054815114,Moderate,False,-117.0,1.0,0.8547008547008547,win,
composite_baseline,2021_03_NO_NE,2021,3,moneyline,NO,False,,76.17672054815114,Moderate,False,130.0,1.0,1.3,win,0.3269845967858593
composite_baseline,2021_03_NO_NE,2021,3,total,NO,False,under,76.17672054815114,Moderate,False,-110.0,1.0,0.9090909090909091,win,
composite_baseline,2021_03_WAS_BUF,2021,3,ats,BUF,True,,74.24723508320224,Moderate,True,103.0,1.0,1.03,win,
composite_baseline,2021_03_SEA_MIN,2021,3,ats,SEA,False,,72.9037502926985,Moderate,True,-101.0,1.0,-1.0,loss,
composite_baseline,2021_03_SEA_MIN,2021,3,moneyline,SEA,False,,72.9037502926985,Moderate,True,-120.0,1.0,-1.0,loss,0.1835829574724397
composite_baseline,2021_03_SEA_MIN,2021,3,total,SEA,False,under,72.9037502926985,Moderate,True,-110.0,1.0,0.9090909090909091,win,
composite_baseline,2021_04_HOU_BUF,2021,4,ats,BUF,True,,77.63509061781022,Moderate,True,-102.0,1.0,0.9803921568627451,win,
composite_baseline,2021_04_NYG_NO,2021,4,ats,NO,True,,74.60599020134062,Moderate,True,107.0,1.0,-1.0,loss,
composite_baseline,2021_04_NYG_NO,2021,4,total,NO,True,under,74.60599020134062,Moderate,True,-110.0,1.0,-1.0,loss,
composite_baseline,2021_04_TB_NE,2021,4,ats,TB,False,,73.3059688449869,Moderate,True,-105.0,1.0,-1.0,loss,
composite_baseline,2021_04_TB_NE,2021,4,moneyline,TB,False,,73.3059688449869,Moderate,True,-255.0,1.0,0.39215686274509803,win,0.014749829294939287
composite_baseline,2021_05_MIA_TB,2021,5,ats,TB,True,,76.57350820555797,Moderate,True,-110.0,1.0,0.9090909090909091,win,
composite_baseline,2021_05_MIA_TB,2021,5,total,TB,True,over,76.57350820555797,Moderate,True,-110.0,1.0,0.9090909090909091,win,
composite_baseline,2021_05_NO_WAS,2021,5,ats,NO,False,,71.87073750817255,Moderate,True,-106.0,1.0,0.9433962264150944,win,
composite_baseline,2021_05_NO_WAS,2021,5,moneyline,NO,False,,71.87073750817255,Moderate,True,-130.0,1.0,0.7692307692307693,win,0.15348998377737777
composite_baseline,2021_05_NO_WAS,2021,5,total,NO,False,over,71.87073750817255,Moderate,True,-110.0,1.0,0.9090909090909091,win,
composite_baseline,2021_05_PHI_CAR,2021,5,ats,CAR,True,,71.46445051244555,Moderate,True,-114.0,1.0,-1.0,loss,
composite_baseline,2021_05_PHI_CAR,2021,5,moneyline,CAR,True,,71.46445051244555,Moderate,True,-139.0,1.0,-1.0,loss,0.1330545469654597
composite_baseline,2021_05_CHI_LV,2021,5,ats,LV,True,,70.39075517573896,Moderate,True,-108.0,1.0,-1.0,loss,
composite_baseline,2021_05_CHI_LV,2021,5,total,LV,True,under,70.39075517573896,Moderate,True,-110.0,1.0,0.9090909090909091,win,
composite_baseline,2021_05_NYG_DAL,2021,5,ats,DAL,True,,76.0313497865808,Moderate,True,102.0,1.0,1.02,win,
composite_baseline,2021_05_NYG_DAL,2021,5,total,DAL,True,under,76.0313497865808,Moderate,True,-110.0,1.0,-1.0,loss,
composite_baseline,2021_05_IND_BAL,2021,5,ats,BAL,True,,71.52436071185465,Moderate,True,-105.0,1.0,-1.0,loss,
composite_baseline,2021_06_LA_NYG,2021,6,ats,LA,False,,76.60405348626144,Moderate,True,107.0,1.0,1.07,win,
composite_baseline,2021_06_DAL_NE,2021,6,ats,DAL,False,,79.81510309298594,Moderate,True,-108.0,1.0,0.9259259259259259,win,
composite_baseline,2021_06_DAL_NE,2021,6,moneyline,DAL,False,,79.81510309298594,Moderate,True,-189.0,1.0,0.5291005291005291,win,0.1441717921755341
composite_baseline,2021_06_DAL_NE,2021,6,total,DAL,False,under,79.81510309298594,Moderate,True,-110.0,1.0,-1.0,loss,
composite_baseline,2021_06_BUF_TEN,2021,6,ats,BUF,False,,75.93565094979739,Moderate,True,-102.0,1.0,-1.0,loss,
composite_baseline,2021_06_BUF_TEN,2021,6,moneyline,BUF,False,,75.93565094979739,Moderate,True,-239.0,1.0,-1.0,loss,0.05434176023543713
composite_baseline,2021_06_BUF_TEN,2021,6,total,BUF,False,under,75.93565094979739,Moderate,True,-110.0,1.0,-1.0,loss,
composite_baseline,2021_07_CAR_NYG,2021,7,ats,CAR,False,,75.17075196892495,Moderate,True,-103.0,1.0,-1.0,loss,
composite_baseline,2021_07_CAR_NYG,2021,7,moneyline,CAR,False,,75.17075196892495,Moderate,True,-154.0,1.0,-1.0,loss,0.1454083070908243
composite_baseline,2021_07_CAR_NYG,2021,7,total,CAR,False,over,75.17075196892495,Moderate,True,-110.0,1.0,-1.0,loss,
composite_baseline,2021_07_DET_LA,2021,7,ats,LA,True,,82.52814962651448,Strong,True,105.0,1.0,-1.0,loss,
composite_baseline,2021_07_DET_LA,2021,7,total,LA,True,under,82.52814962651448,Strong,True,-110.0,1.0,0.9090909090909091,win,
composite_baseline,2021_07_CHI_TB,2021,7,ats,TB,True,,78.59143709387159,Moderate,True,103.0,1.0,1.03,win,
composite_baseline,2021_07_HOU_ARI,2021,7,ats,ARI,True,,90.61533464698044,Elite,True,100.0,1.0,1.0,win,
composite_baseline,2021_07_NO_SEA,2021,7,ats,NO,False,,71.49804870919681,Moderate,False,-104.0,1.0,-1.0,loss,
composite_baseline,2021_07_NO_SEA,2021,7,moneyline,NO,False,,71.49804870919681,Moderate,False,-237.0,1.0,0.4219409282700422,win,0.01171639213647846
composite_baseline,2021_07_NO_SEA,2021,7,total,NO,False,over,71.49804870919681,Moderate,False,-110.0,1.0,-1.0,loss,
composite_baseline,2021_08_GB_ARI,2021,8,ats,ARI,True,,72.28572807843322,Moderate,True,-106.0,1.0,-1.0,loss,
composite_baseline,2021_08_GB_ARI,2021,8,total,ARI,True,under,72.28572807843322,Moderate,True,-110.0,1.0,0.9090909090909091,win,
composite_baseline,2021_08_CIN_NYJ,2021,8,ats,CIN,False,,83.40812799282405,Strong,True,-105.0,1.0,-1.0,loss,
composite_baseline,2021_08_LA_HOU,2021,8,ats,LA,False,,88.52716141600101,Strong,True,107.0,1.0,-1.0,loss,
composite_baseline,2021_08_MIA_BUF,2021,8,ats,BUF,True,,86.69275203531227,Strong,True,-102.0,1.0,0.0,push,
composite_baseline,2021_09_ATL_NO,2021,9,ats,NO,True,,79.52093427240703,Moderate,False,106.0,1.0,-1.0,loss,
composite_baseline,2021_09_ATL_NO,2021,9,moneyline,NO,True,,79.52093427240703,Moderate,False,-277.0,1.0,-1.0,loss,0.06046133211399074
composite_baseline,2021_09_ATL_NO,2021,9,total,NO,True,over,79.52093427240703,Moderate,False,-110.0,1.0,0.9090909090909091,win,
composite_baseline,2021_09_BUF_JAX,2021,9,ats,BUF,False,,87.46010089967055,Strong,True,-120.0,1.0,-1.0,loss,
composite_baseline,2021_09_DEN_DAL,2021,9,ats,DAL,True,,72.49391942315249,Moderate,True,-103.0,1.0,-1.0,loss,
composite_baseline,2021_09_DEN_DAL,2021,9,total,DAL,True,under,72.49391942315249,Moderate,True,-110.0,1.0,0.9090909090909091,win,
composite_baseline,2021_09_LV_NYG,2021,9,ats,LV,False,,77.87381500180405,Moderate,True,-102.0,1.0,-1.0,loss,
composite_baseline,2021_09_LV_NYG,2021,9,moneyline,LV,False,,77.87381500180405,Moderate,True,-152.0,1.0,-1.0,loss,0.17556354684343733
composite_baseline,2021_10_BAL_MIA,2021,10,ats,BAL,False,,71.2903555425195,Moderate,True,-106.0,1.0,-1.0,loss,
composite_baseline,2021_10_BAL_MIA,2021,10,total,BAL,False,over,71.2903555425195,Moderate,True,-110.0,1.0,-1.0,loss,
composite_baseline,2021_10_ATL_DAL,2021,10,ats,DAL,True,,82.33028649803266,Strong,False,-105.0,1.0,0.9523809523809523,win,
composite_baseline,2021_10_ATL_DAL,2021,10,moneyline,DAL,True,,82.33028649803266,Strong,False,-392.0,1.0,0.25510204081632654,win,0.026554897500651875
composite_baseline,2021_10_ATL_DAL,2021,10,total,DAL,True,under,82.33028649803266,Strong,False,-110.0,1.0,0.9090909090909091,win,
composite_baseline,2021_10_BUF_NYJ,2021,10,ats,BUF,False,,85.2019813655944,Strong,True,101.0,1.0,1.01,win,
composite_baseline,2021_10_TB_WAS,2021,10,ats,TB,False,,84.84193642648859,Strong,True,106.0,1.0,-1.0,loss,
composite_baseline,2021_10_TB_WAS,2021,10,moneyline,TB,False,,84.84193642648859,Strong,True,-435.0,1.0,-1.0,loss,0.035335252115353155
composite_baseline,2021_10_CAR_ARI,2021,10,ats,ARI,True,,75.54715499712032,Moderate,False,-107.0,1.0,-1.0,loss,
composite_baseline,2021_10_CAR_ARI,2021,10,total,ARI,True,over,75.54715499712032,Moderate,False,-110.0,1.0,0.9090909090909091,win,
composite_baseline,2021_11_NE_ATL,2021,11,ats,NE,False,,80.71129303305054,Strong,True,-111.0,1.0,0.9009009009009009,win,
composite_baseline,2021_11_NE_ATL,2021,11,moneyline,NE,False,,80.71129303305054,Strong,True,-329.0,1.0,0.303951367781155,win,0.04021316343073844
composite_baseline,2021_11_BAL_CHI,2021,11,ats,BAL,False,,74.76151700984951,Moderate,False,-103.0,1.0,-1.0,loss,
composite_baseline,2021_11_BAL_CHI,2021,11,moneyline,BAL,False,,74.76151700984951,Moderate,False,-226.0,1.0,0.4424778761061947,win,0.054363636356163814
composite_baseline,2021_11_BAL_CHI,2021,11,total,BAL,False,over,74.76151700984951,Moderate,False,-110.0,1.0,-1.0,loss,
composite_baseline,2021_11_DET_CLE,2021,11,ats,CLE,True,,77.20774122640067,Moderate,True,-104.0,1.0,-1.0,loss,
composite_baseline,2021_11_DET_CLE,2021,11,total,CLE,True,over,77.20774122640067,Moderate,True,-110.0,1.0,-1.0,loss,
composite_baseline,2021_11_HOU_TEN,2021,11,ats,TEN,True,,77.48167879060938,Moderate,True,-100.0,1.0,-1.0,loss,
composite_baseline,2021_11_HOU_TEN,2021,11,total,TEN,True,over,77.48167879060938,Moderate,True,-110.0,1.0,-1.0,loss,
composite_baseline,2021_11_IND_BUF,2021,11,ats,BUF,True,,70.47225839091386,Moderate,True,105.0,1.0,-1.0,loss,
composite_baseline,2021_11_IND_BUF,2021,11,total,BUF,True,under,70.47225839091386,Moderate,True,-110.0,1.0,-1.0,loss,
composite_baseline,2021_11_SF_JAX,2021,11,ats,SF,False,,74.75730273484291,Moderate,True,-106.0,1.0,0.9433962264150944,win,
composite_baseline,2021_11_SF_JAX,2021,11,moneyline,SF,False,,74.75730273484291,Moderate,True,-281.0,1.0,0.35587188612099646,win,0.01004021894947904
composite_baseline,2021_11_ARI_SEA,2021,11,ats,ARI,False,,74.055586452094,Moderate,False,111.0,1.0,1.11,win,
composite_baseline,2021_11_ARI_SEA,2021,11,moneyline,ARI,False,,74.055586452094,Moderate,False,135.0,1.0,1.35,win,0.315023949627323
composite_baseline,2021_11_ARI_SEA,2021,11,total,ARI,False,under,74.055586452094,Moderate,False,-110.0,1.0,0.9090909090909091,win,
composite_baseline,2021_11_NYG_TB,2021,11,ats,TB,True,,79.20504923538981,Moderate,True,102.0,1.0,1.02,win,
composite_baseline,2021_12_LV_DAL,2021,12,ats,DAL,True,,71.03516843973343,Moderate,True,-105.0,1.0,-1.0,loss,
composite_baseline,2021_12_LV_DAL,2021,12,total,DAL,True,under,71.03516843973343,Moderate,True,-110.0,1.0,-1.0,loss,
composite_baseline,2021_12_PHI_NYG,2021,12,ats,PHI,False,,76.10416957526954,Moderate,True,100.0,1.0,-1.0,loss,
composite_baseline,2021_12_PHI_NYG,2021,12,moneyline,PHI,False,,76.10416957526954,Moderate,True,-192.0,1.0,-1.0,loss,0.10350744917735288
composite_baseline,2021_12_PHI_NYG,2021,12,total,PHI,False,over,76.10416957526954,Moderate,True,-110.0,1.0,-1.0,loss,
composite_baseline,2021_13_ARI_CHI,2021,13,ats,ARI,False,,84.23991918437824,Strong,True,-116.0,1.0,0.8620689655172413,win,
composite_baseline,2021_13_ARI_CHI,2021,13,moneyline,ARI,False,,84.23991918437824,Strong,True,-373.0,1.0,0.2680965147453083,win,0.053815682330040304
composite_baseline,2021_13_IND_HOU,2021,13,ats,IND,False,,76.02786302282911,Moderate,True,-105.0,1.0,0.9523809523809523,win,
composite_baseline,2021_13_IND_HOU,2021,13,total,IND,False,over,76.02786302282911,Moderate,True,-110.0,1.0,-1.0,loss,
composite_baseline,2021_13_MIN_DET,2021,13,ats,MIN,False,,75.70505832707522,Moderate,True,-104.0,1.0,-1.0,loss,
composite_baseline,2021_13_MIN_DET,2021,13,moneyline,MIN,False,,75.70505832707522,Moderate,True,-296.0,1.0,-1.0,loss,0.009575835796004628
composite_baseline,2021_13_MIN_DET,2021,13,total,MIN,False,under,75.70505832707522,Moderate,True,-110.0,1.0,-1.0,loss,
composite_baseline,2021_13_PHI_NYJ,2021,13,ats,PHI,False,,70.91681199302788,Moderate,False,102.0,1.0,1.02,win,
composite_baseline,2021_13_PHI_NYJ,2021,13,moneyline,PHI,False,,70.91681199302788,Moderate,False,-199.0,1.0,0.5025125628140703,win,0.043616280465395785
composite_baseline,2021_13_PHI_NYJ,2021,13,total,PHI,False,over,70.91681199302788,Moderate,False,-110.0,1.0,0.9090909090909091,win,
composite_baseline,2021_13_TB_ATL,2021,13,ats,TB,False,,86.66584670563827,Strong,True,-103.0,1.0,0.970873786407767,win,
composite_baseline,2021_13_TB_ATL,2021,13,moneyline,TB,False,,86.66584670563827,Strong,True,-475.0,1.0,0.21052631578947367,win,0.040571510534643584
composite_baseline,2021_13_JAX_LA,2021,13,ats,LA,True,,73.02106401828743,Moderate,True,-108.0,1.0,0.9259259259259259,win,
composite_baseline,2021_13_JAX_LA,2021,13,total,LA,True,under,73.02106401828743,Moderate,True,-110.0,1.0,0.9090909090909091,win,
composite_baseline,2021_13_SF_SEA,2021,13,ats,SF,False,,74.13948221072326,Moderate,True,108.0,1.0,-1.0,loss,
composite_baseline,2021_13_SF_SEA,2021,13,moneyline,SF,False,,74.13948221072326,Moderate,True,-138.0,1.0,-1.0,loss,0.16156288933412333
composite_baseline,2021_14_ATL_CAR,2021,14,ats,CAR,True,,71.42703373460736,Moderate,True,-107.0,1.0,-1.0,loss,
composite_baseline,2021_14_ATL_CAR,2021,14,moneyline,CAR,True,,71.42703373460736,Moderate,True,-136.0,1.0,-1.0,loss,0.1379991509053956
composite_baseline,2021_14_ATL_CAR,2021,14,total,CAR,True,over,71.42703373460736,Moderate,True,-110.0,1.0,0.9090909090909091,win,
composite_baseline,2021_14_DAL_WAS,2021,14,ats,DAL,False,,72.09680652653152,Moderate,True,-115.0,1.0,0.8695652173913043,win,
composite_baseline,2021_14_JAX_TEN,2021,14,ats,TEN,True,,73.83411322104999,Moderate,True,-103.0,1.0,0.970873786407767,win,
composite_baseline,2021_14_JAX_TEN,2021,14,total,TEN,True,over,73.83411322104999,Moderate,True,-110.0,1.0,-1.0,loss,
composite_baseline,2021_14_NO_NYJ,2021,14,ats,NO,False,,73.8849852415869,Moderate,True,103.0,1.0,1.03,win,
composite_baseline,2021_14_NO_NYJ,2021,14,moneyline,NO,False,,73.8849852415869,Moderate,True,-194.0,1.0,0.5154639175257731,win,0.07898590683763773
composite_baseline,2021_14_NO_NYJ,2021,14,total,NO,False,over,73.8849852415869,Moderate,True,-110.0,1.0,-1.0,loss,
composite_baseline,2021_14_DET_DEN,2021,14,ats,DEN,True,,70.80220674353896,Moderate,True,-102.0,1.0,0.9803921568627451,win,
composite_baseline,2021_14_DET_DEN,2021,14,total,DEN,True,under,70.80220674353896,Moderate,True,-110.0,1.0,-1.0,loss,
composite_baseline,2021_14_NYG_LAC,2021,14,ats,LAC,True,,71.39491242773988,Moderate,True,106.0,1.0,1.06,win,
composite_baseline,2021_14_NYG_LAC,2021,14,total,LAC,True,over,71.39491242773988,Moderate,True,-110.0,1.0,0.9090909090909091,win,
composite_baseline,2021_14_CHI_GB,2021,14,ats,GB,True,,76.89812021181167,Moderate,True,-109.0,1.0,0.9174311926605505,win,
composite_baseline,2021_15_ARI_DET,2021,15,ats,ARI,False,,85.6033341462897,Strong,True,-102.0,1.0,-1.0,loss,
composite_baseline,2021_15_ARI_DET,2021,15,total,ARI,False,under,85.6033341462897,Strong,True,-110.0,1.0,0.9090909090909091,win,
composite_baseline,2021_15_CAR_BUF,2021,15,ats,BUF,True,,71.16039595370283,Moderate,True,-114.0,1.0,0.8771929824561403,win,
composite_baseline,2021_15_DAL_NYG,2021,15,ats,DAL,False,,80.85665475462618,Strong,True,-120.0,1.0,0.8333333333333334,win,
composite_baseline,2021_15_DAL_NYG,2021,15,total,DAL,False,over,80.85665475462618,Strong,True,-110.0,1.0,-1.0,loss,
composite_baseline,2021_15_NYJ_MIA,2021,15,ats,MIA,True,,70.8853098450772,Moderate,True,102.0,1.0,-1.0,loss,
composite_baseline,2021_15_NYJ_MIA,2021,15,total,MIA,True,over,70.8853098450772,Moderate,True,-110.0,1.0,0.9090909090909091,win,
composite_baseline,2021_15_ATL_SF,2021,15,ats,SF,True,,77.39350944208654,Moderate,True,102.0,1.0,1.02,win,
composite_baseline,2021_15_MIN_CHI,2021,15,ats,MIN,False,,75.82633673943832,Moderate,True,-114.0,1.0,0.8771929824561403,win,
composite_baseline,2021_15_SEA_LA,2021,15,ats,LA,True,,74.15886139623098,Moderate,True,108.0,1.0,1.08,win,
composite_baseline,2021_15_SEA_LA,2021,15,total,LA,True,under,74.15886139623098,Moderate,True,-110.0,1.0,0.9090909090909091,win,
composite_baseline,2021_16_LAC_HOU,2021,16,ats,LAC,False,,80.49373509158303,Strong,True,102.0,1.0,-1.0,loss,
composite_baseline,2021_16_LAC_HOU,2021,16,total,LAC,False,over,80.49373509158303,Strong,True,-110.0,1.0,0.9090909090909091,win,
composite_baseline,2021_16_NYG_PHI,2021,16,ats,PHI,True,,72.10448227484835,Moderate,True,-103.0,1.0,0.970873786407767,win,
composite_baseline,2021_16_NYG_PHI,2021,16,total,PHI,True,over,72.10448227484835,Moderate,True,-110.0,1.0,0.9090909090909091,win,
composite_baseline,2021_16_TB_CAR,2021,16,ats,TB,False,,72.07418877589085,Moderate,True,105.0,1.0,1.05,win,
composite_baseline,2021_16_TB_CAR,2021,16,total,TB,False,over,72.07418877589085,Moderate,True,-110.0,1.0,-1.0,loss,
composite_baseline,2021_16_PIT_KC,2021,16,ats,KC,True,,72.40117059043304,Moderate,True,102.0,1.0,1.02,win,
composite_baseline,2021_16_PIT_KC,2021,16,total,KC,True,over,72.40117059043304,Moderate,True,-110.0,1.0,0.9090909090909091,win,
composite_baseline,2021_16_WAS_DAL,2021,16,ats,DAL,True,,73.24416486372958,Moderate,True,101.0,1.0,1.01,win,
composite_baseline,2021_16_WAS_DAL,2021,16,total,DAL,True,over,73.24416486372958,Moderate,True,-110.0,1.0,0.9090909090909091,win,
composite_baseline,2021_17_ATL_BUF,2021,17,ats,BUF,True,,84.72419254147951,Strong,True,-111.0,1.0,0.0,push,
composite_baseline,2021_17_JAX_NE,2021,17,ats,NE,True,,79.42456243553373,Moderate,True,-102.0,1.0,0.9803921568627451,win,
composite_baseline,2021_17_TB_NYJ,2021,17,ats,TB,False,,85.07714857265672,Strong,True,-101.0,1.0,-1.0,loss,
composite_baseline,2021_17_TB_NYJ,2021,17,total,TB,False,over,85.07714857265672,Strong,True,-110.0,1.0,0.9090909090909091,win,
composite_baseline,2021_17_HOU_SF,2021,17,ats,SF,True,,83.06014443950048,Strong,True,101.0,1.0,1.01,win,
composite_baseline,2021_17_HOU_SF,2021,17,total,SF,True,over,83.06014443950048,Strong,True,-110.0,1.0,-1.0,loss,
composite_baseline,2021_18_GB_DET,2021,18,ats,GB,False,,77.44650089204234,Moderate,True,-110.0,1.0,-1.0,loss,
composite_baseline,2021_18_GB_DET,2021,18,moneyline,GB,False,,77.44650089204234,Moderate,True,-195.0,1.0,-1.0,loss,0.11344805976788097
composite_baseline,2021_18_GB_DET,2021,18,total,GB,False,over,77.44650089204234,Moderate,True,-110.0,1.0,0.9090909090909091,win,
composite_baseline,2021_18_IND_JAX,2021,18,ats,IND,False,,75.77906573043032,Moderate,True,-110.0,1.0,-1.0,loss,
composite_baseline,2021_18_IND_JAX,2021,18,total,IND,False,over,75.77906573043032,Moderate,True,-110.0,1.0,-1.0,loss,
composite_baseline,2021_18_TEN_HOU,2021,18,ats,TEN,False,,79.24933891659309,Moderate,True,-105.0,1.0,-1.0,loss,
composite_baseline,2021_18_CAR_TB,2021,18,ats,TB,True,,73.73385536178819,Moderate,True,-110.0,1.0,0.9090909090909091,win,
composite_baseline,2021_18_CAR_TB,2021,18,total,TB,True,over,73.73385536178819,Moderate,True,-110.0,1.0,0.9090909090909091,win,
composite_baseline,2021_18_NO_ATL,2021,18,ats,NO,False,,72.38961692824002,Moderate,True,-111.0,1.0,0.9009009009009009,win,
composite_baseline,2021_18_NO_ATL,2021,18,moneyline,NO,False,,72.38961692824002,Moderate,True,-213.0,1.0,0.4694835680751174,win,0.04338498717377404
composite_baseline,2021_18_NO_ATL,2021,18,total,NO,False,over,72.38961692824002,Moderate,True,-110.0,1.0,0.9090909090909091,win,
composite_baseline,2021_18_NYJ_BUF,2021,18,ats,BUF,True,,84.35355349327735,Strong,True,-110.0,1.0,0.9090909090909091,win,
composite_baseline,2021_18_NYJ_BUF,2021,18,total,BUF,True,over,84.35355349327735,Strong,True,-110.0,1.0,-1.0,loss,
composite_baseline,2021_18_SEA_ARI,2021,18,ats,ARI,True,,73.62388485391911,Moderate,True,-110.0,1.0,-1.0,loss,
composite_baseline,2021_18_SEA_ARI,2021,18,moneyline,ARI,True,,73.62388485391911,Moderate,True,-235.0,1.0,-1.0,loss,0.03474631122575822
composite_baseline,2021_18_SEA_ARI,2021,18,total,ARI,True,under,73.62388485391911,Moderate,True,-110.0,1.0,-1.0,loss,
composite_baseline,2021_19_PHI_TB,2021,19,ats,TB,True,,76.18769689176916,Moderate,True,-104.0,1.0,0.9615384615384616,win,
composite_baseline,2021_19_PHI_TB,2021,19,total,TB,True,over,76.18769689176916,Moderate,True,-110.0,1.0,0.9090909090909091,win,
composite_baseline,2021_19_PIT_KC,2021,19,ats,KC,True,,72.42211131620905,Moderate,True,111.0,1.0,1.11,win,
composite_baseline,2021_22_LA_CIN,2021,22,ats,LA,False,,77.09096727471075,Moderate,True,-110.0,1.0,-1.0,loss,
composite_baseline,2021_22_LA_CIN,2021,22,moneyline,LA,False,,77.09096727471075,Moderate,True,-190.0,1.0,0.5263157894736842,win,0.11573725895400411
composite_baseline,2022_01_IND_HOU,2022,1,ats,IND,False,,74.73476815012555,Moderate,True,-103.0,1.0,-1.0,loss,
composite_baseline,2022_01_IND_HOU,2022,1,moneyline,IND,False,,74.73476815012555,Moderate,True,-290.0,1.0,0.0,push,0.0037579379115119105
composite_baseline,2022_01_IND_HOU,2022,1,total,IND,False,under,74.73476815012555,Moderate,True,-110.0,1.0,0.9090909090909091,win,
composite_baseline,2022_01_NO_ATL,2022,1,ats,NO,False,,70.32329228791126,Moderate,True,-103.0,1.0,-1.0,loss,
composite_baseline,2022_01_NO_ATL,2022,1,moneyline,NO,False,,70.32329228791126,Moderate,True,-228.0,1.0,0.43859649122807015,win,0.008110971659600397
composite_baseline,2022_01_NO_ATL,2022,1,total,NO,False,under,70.32329228791126,Moderate,True,-110.0,1.0,-1.0,loss,
composite_baseline,2022_01_PHI_DET,2022,1,ats,PHI,False,,71.20381699851744,Moderate,True,-110.0,1.0,-1.0,loss,
composite_baseline,2022_01_PHI_DET,2022,1,moneyline,PHI,False,,71.20381699851744,Moderate,True,-240.0,1.0,0.4166666666666667,win,0.006155817043997813
composite_baseline,2022_01_NYG_TEN,2022,1,ats,TEN,True,,74.23025522530298,Moderate,True,-102.0,1.0,-1.0,loss,
composite_baseline,2022_01_NYG_TEN,2022,1,moneyline,TEN,True,,74.23025522530298,Moderate,True,-239.0,1.0,-1.0,loss,0.037287802990492946
composite_baseline,2022_01_NYG_TEN,2022,1,total,TEN,True,under,74.23025522530298,Moderate,True,-110.0,1.0,0.9090909090909091,win,
composite_baseline,2022_02_ATL_LA,2022,2,ats,LA,True,,76.29567135760959,Moderate,True,103.0,1.0,-1.0,loss,
composite_baseline,2022_02_ATL_LA,2022,2,total,LA,True,under,76.29567135760959,Moderate,True,-110.0,1.0,-1.0,loss,
composite_baseline,2022_03_JAX_LAC,2022,3,ats,LAC,True,,74.10775863733777,Moderate,False,-104.0,1.0,-1.0,loss,
composite_baseline,2022_03_JAX_LAC,2022,3,moneyline,LAC,True,,74.10775863733777,Moderate,False,-252.0,1.0,-1.0,loss,0.02516849546428679
composite_baseline,2022_03_JAX_LAC,2022,3,total,LAC,True,over,74.10775863733777,Moderate,False,-110.0,1.0,0.9090909090909091,win,
composite_baseline,2022_03_DAL_NYG,2022,3,ats,DAL,False,,81.89725707195944,Strong,False,103.0,1.0,1.03,win,
composite_baseline,2022_03_DAL_NYG,2022,3,moneyline,DAL,False,,81.89725707195944,Strong,False,109.0,1.0,1.09,win,0.3405036711980634
composite_baseline,2022_03_DAL_NYG,2022,3,total,DAL,False,over,81.89725707195944,Strong,False,-110.0,1.0,0.9090909090909091,win,
composite_baseline,2022_05_HOU_JAX,2022,5,ats,JAX,True,,78.6753471006467,Moderate,True,102.0,1.0,-1.0,loss,
composite_baseline,2022_05_HOU_JAX,2022,5,moneyline,JAX,True,,78.6753471006467,Moderate,True,-304.0,1.0,-1.0,loss,0.03427822348171461
composite_baseline,2022_05_HOU_JAX,2022,5,total,JAX,True,under,78.6753471006467,Moderate,True,-110.0,1.0,0.9090909090909091,win,
composite_baseline,2022_05_PIT_BUF,2022,5,ats,BUF,True,,72.76303759831347,Moderate,True,-102.0,1.0,0.9803921568627451,win,
composite_baseline,2022_05_PIT_BUF,2022,5,total,BUF,True,under,72.76303759831347,Moderate,True,-110.0,1.0,0.9090909090909091,win,
composite_baseline,2022_05_PHI_ARI,2022,5,ats,PHI,False,,72.33053714949438,Moderate,True,101.0,1.0,-1.0,loss,
composite_baseline,2022_05_PHI_ARI,2022,5,moneyline,PHI,False,,72.33053714949438,Moderate,True,-222.0,1.0,0.45045045045045046,win,0.03386437770612394
composite_baseline,2022_05_PHI_ARI,2022,5,total,PHI,False,under,72.33053714949438,Moderate,True,-110.0,1.0,0.9090909090909091,win,
composite_baseline,2022_07_TB_CAR,2022,7,ats,TB,False,,72.72907479011309,Moderate,True,-103.0,1.0,-1.0,loss,
composite_baseline,2022_07_CHI_NE,2022,7,ats,NE,True,,72.51810960228875,Moderate,False,-100.0,1.0,-1.0,loss,
composite_baseline,2022_07_CHI_NE,2022,7,total,NE,True,under,72.51810960228875,Moderate,False,-110.0,1.0,-1.0,loss,
composite_baseline,2022_08_PIT_PHI,2022,8,ats,PHI,True,,79.6258707391958,Moderate,True,-112.0,1.0,0.8928571428571429,win,
composite_baseline,2022_08_PIT_PHI,2022,8,total,PHI,True,under,79.6258707391958,Moderate,True,-110.0,1.0,-1.0,loss,
composite_baseline,2022_08_GB_BUF,2022,8,ats,BUF,True,,74.27138346843178,Moderate,True,100.0,1.0,-1.0,loss,
composite_baseline,2022_08_GB_BUF,2022,8,total,BUF,True,under,74.27138346843178,Moderate,True,-110.0,1.0,0.9090909090909091,win,
composite_baseline,2022_08_CIN_CLE,2022,8,ats,CIN,False,,71.66072777381945,Moderate,True,-112.0,1.0,-1.0,loss,
composite_baseline,2022_08_CIN_CLE,2022,8,moneyline,CIN,False,,71.66072777381945,Moderate,True,-163.0,1.0,-1.0,loss,0.09683541462032375
composite_baseline,2022_08_CIN_CLE,2022,8,total,CIN,False,over,71.66072777381945,Moderate,True,-110.0,1.0,0.0,push,
composite_baseline,2022_09_PHI_HOU,2022,9,ats,PHI,False,,82.02265822347393,Strong,True,102.0,1.0,-1.0,loss,
composite_baseline,2022_09_PHI_HOU,2022,9,total,PHI,False,under,82.02265822347393,Strong,True,-110.0,1.0,-1.0,loss,
composite_baseline,2022_09_BUF_NYJ,2022,9,ats,BUF,False,,71.46842301133549,Moderate,True,103.0,1.0,-1.0,loss,
composite_baseline,2022_09_BUF_NYJ,2022,9,total,BUF,False,under,71.46842301133549,Moderate,True,-110.0,1.0,0.9090909090909091,win,
composite_baseline,2022_09_CAR_CIN,2022,9,ats,CIN,True,,75.88752172240628,Moderate,True,-110.0,1.0,0.9090909090909091,win,
composite_baseline,2022_10_WAS_PHI,2022,10,ats,PHI,True,,71.91166232064758,Moderate,True,-103.0,1.0,-1.0,loss,
composite_baseline,2022_10_WAS_PHI,2022,10,total,PHI,True,under,71.91166232064758,Moderate,True,-110.0,1.0,-1.0,loss,
composite_baseline,2022_11_CAR_BAL,2022,11,ats,BAL,True,,72.80743461455353,Moderate,True,106.0,1.0,-1.0,loss,
composite_baseline,2022_11_CAR_BAL,2022,11,total,BAL,True,over,72.80743461455353,Moderate,True,-110.0,1.0,-1.0,loss,
composite_baseline,2022_11_PHI_IND,2022,11,ats,PHI,False,,70.17416076822194,Moderate,True,-108.0,1.0,-1.0,loss,
composite_baseline,2022_11_PHI_IND,2022,11,total,PHI,False,under,70.17416076822194,Moderate,True,-110.0,1.0,0.9090909090909091,win,
composite_baseline,2022_11_SF_ARI,2022,11,ats,SF,False,,72.27701832286222,Moderate,True,103.0,1.0,1.03,win,
composite_baseline,2022_12_BUF_DET,2022,12,ats,BUF,False,,71.2849497556612,Moderate,True,105.0,1.0,-1.0,loss,
composite_baseline,2022_12_BUF_DET,2022,12,total,BUF,False,under,71.2849497556612,Moderate,True,-110.0,1.0,0.9090909090909091,win,
composite_baseline,2022_12_HOU_MIA,2022,12,ats,MIA,True,,77.47567678060791,Moderate,False,-109.0,1.0,0.9174311926605505,win,
composite_baseline,2022_12_HOU_MIA,2022,12,total,MIA,True,under,77.47567678060791,Moderate,False,-110.0,1.0,0.9090909090909091,win,
composite_baseline,2022_12_LV_SEA,2022,12,ats,SEA,True,,71.01502897713397,Moderate,True,-103.0,1.0,-1.0,loss,
composite_baseline,2022_12_LV_SEA,2022,12,moneyline,SEA,True,,71.01502897713397,Moderate,True,-196.0,1.0,-1.0,loss,0.04798812760917748
composite_baseline,2022_13_DEN_BAL,2022,13,ats,BAL,True,,70.81527126832137,Moderate,True,112.0,1.0,-1.0,loss,
composite_baseline,2022_13_DEN_BAL,2022,13,total,BAL,True,under,70.81527126832137,Moderate,True,-110.0,1.0,0.9090909090909091,win,
composite_baseline,2022_13_IND_DAL,2022,13,ats,DAL,True,,75.83170199064126,Moderate,True,-101.0,1.0,0.9900990099009901,win,
composite_baseline,2022_13_IND_DAL,2022,13,total,DAL,True,under,75.83170199064126,Moderate,True,-110.0,1.0,-1.0,loss,
composite_baseline,2022_14_CLE_CIN,2022,14,ats,CIN,True,,72.98330510719921,Moderate,True,-102.0,1.0,0.9803921568627451,win,
composite_baseline,2022_14_CLE_CIN,2022,14,moneyline,CIN,True,,72.98330510719921,Moderate,True,-204.0,1.0,0.49019607843137253,win,0.0587804194930448
composite_baseline,2022_14_CLE_CIN,2022,14,total,CIN,True,over,72.98330510719921,Moderate,True,-110.0,1.0,-1.0,loss,
composite_baseline,2022_14_HOU_DAL,2022,14,ats,DAL,True,,83.53418797884711,Strong,True,-115.0,1.0,-1.0,loss,
composite_baseline,2022_14_HOU_DAL,2022,14,total,DAL,True,under,83.53418797884711,Strong,True,-110.0,1.0,-1.0,loss,
composite_baseline,2022_14_PHI_NYG,2022,14,ats,PHI,False,,74.52082774654406,Moderate,True,104.0,1.0,1.04,win,
composite_baseline,2022_15_KC_HOU,2022,15,ats,KC,False,,79.66501472407592,Moderate,True,109.0,1.0,-1.0,loss,
composite_baseline,2022_15_KC_HOU,2022,15,total,KC,False,under,79.66501472407592,Moderate,True,-110.0,1.0,-1.0,loss,
composite_baseline,2022_15_PHI_CHI,2022,15,ats,PHI,False,,78.66683462040818,Moderate,True,-104.0,1.0,-1.0,loss,
composite_baseline,2022_16_BUF_CHI,2022,16,ats,BUF,False,,77.30388883126037,Moderate,True,-110.0,1.0,0.9090909090909091,win,
composite_baseline,2022_16_BUF_CHI,2022,16,total,BUF,False,over,77.30388883126037,Moderate,True,-110.0,1.0,0.9090909090909091,win,
composite_baseline,2022_16_HOU_TEN,2022,16,ats,TEN,True,,70.97785543283351,Moderate,False,-113.0,1.0,-1.0,loss,
composite_baseline,2022_16_HOU_TEN,2022,16,moneyline,TEN,True,,70.97785543283351,Moderate,False,-170.0,1.0,-1.0,loss,0.08014892469870549
composite_baseline,2022_16_HOU_TEN,2022,16,total,TEN,True,over,70.97785543283351,Moderate,False,-110.0,1.0,-1.0,loss,
composite_baseline,2022_16_WAS_SF,2022,16,ats,SF,True,,71.6462850053635,Moderate,False,-103.0,1.0,0.970873786407767,win,
composite_baseline,2022_16_WAS_SF,2022,16,total,SF,True,over,71.6462850053635,Moderate,False,-110.0,1.0,0.9090909090909091,win,
composite_baseline,2022_17_DAL_TEN,2022,17,ats,DAL,False,,73.1356483227962,Moderate,True,-100.0,1.0,0.0,push,
composite_baseline,2022_17_DAL_TEN,2022,17,total,DAL,False,over,73.1356483227962,Moderate,True,-110.0,1.0,-1.0,loss,
composite_baseline,2022_17_DEN_KC,2022,17,ats,KC,True,,75.74959579612323,Moderate,True,104.0,1.0,-1.0,loss,
composite_baseline,2022_17_DEN_KC,2022,17,total,KC,True,under,75.74959579612323,Moderate,True,-110.0,1.0,-1.0,loss,
composite_baseline,2022_17_JAX_HOU,2022,17,ats,JAX,False,,74.73526526806474,Moderate,False,-104.0,1.0,0.9615384615384616,win,
composite_baseline,2022_17_JAX_HOU,2022,17,moneyline,JAX,False,,74.73526526806474,Moderate,False,-187.0,1.0,0.5347593582887701,win,0.09578470842977627
composite_baseline,2022_17_SF_LV,2022,17,ats,SF,False,,76.66116605971332,Moderate,False,-103.0,1.0,-1.0,loss,
composite_baseline,2022_17_SF_LV,2022,17,total,SF,False,over,76.66116605971332,Moderate,False,-110.0,1.0,0.9090909090909091,win,
composite_baseline,2022_18_KC_LV,2022,18,ats,KC,False,,76.81049546830724,Moderate,True,-105.0,1.0,0.9523809523809523,win,
composite_baseline,2022_18_KC_LV,2022,18,total,KC,False,under,76.81049546830724,Moderate,True,-110.0,1.0,0.9090909090909091,win,
composite_baseline,2022_18_ARI_SF,2022,18,ats,SF,True,,84.14826730351768,Strong,True,-111.0,1.0,0.9009009009009009,win,
composite_baseline,2022_18_ARI_SF,2022,18,total,SF,True,over,84.14826730351768,Strong,True,-110.0,1.0,0.9090909090909091,win,
composite_baseline,2022_18_NYG_PHI,2022,18,ats,PHI,True,,72.59811435978811,Moderate,False,-107.0,1.0,-1.0,loss,
composite_baseline,2022_18_NYG_PHI,2022,18,total,PHI,True,over,72.59811435978811,Moderate,False,-110.0,1.0,-1.0,loss,
composite_baseline,2022_19_SEA_SF,2022,19,ats,SF,True,,79.44978271167864,Moderate,False,112.0,1.0,1.12,win,
composite_baseline,2022_19_SEA_SF,2022,19,total,SF,True,over,79.44978271167864,Moderate,False,-110.0,1.0,0.9090909090909091,win,
composite_baseline,2022_19_BAL_CIN,2022,19,ats,CIN,True,,72.17188831678895,Moderate,True,-106.0,1.0,-1.0,loss,
composite_baseline,2022_19_BAL_CIN,2022,19,total,CIN,True,over,72.17188831678895,Moderate,True,-110.0,1.0,0.9090909090909091,win,
composite_baseline,2022_20_JAX_KC,2022,20,ats,KC,True,,78.25522144930503,Moderate,True,108.0,1.0,-1.0,loss,
composite_baseline,2022_20_JAX_KC,2022,20,total,KC,True,under,78.25522144930503,Moderate,True,-110.0,1.0,0.9090909090909091,win,
composite_baseline,2022_20_NYG_PHI,2022,20,ats,PHI,True,,74.87700570343492,Moderate,True,-111.0,1.0,0.9009009009009009,win,
composite_baseline,2022_20_NYG_PHI,2022,20,total,PHI,True,under,74.87700570343492,Moderate,True,-110.0,1.0,0.9090909090909091,win,
composite_baseline,2023_01_ARI_WAS,2023,1,ats,WAS,True,,75.25248114199756,Moderate,True,-112.0,1.0,-1.0,loss,
composite_baseline,2023_01_ARI_WAS,2023,1,total,WAS,True,over,75.25248114199756,Moderate,True,-110.0,1.0,-1.0,loss,
composite_baseline,2023_01_JAX_IND,2023,1,ats,JAX,False,,74.84428362031423,Moderate,True,-108.0,1.0,0.9259259259259259,win,
composite_baseline,2023_01_JAX_IND,2023,1,moneyline,JAX,False,,74.84428362031423,Moderate,True,-205.0,1.0,0.4878048780487805,win,0.07631168866215865
composite_baseline,2023_01_JAX_IND,2023,1,total,JAX,False,over,74.84428362031423,Moderate,True,-110.0,1.0,0.9090909090909091,win,
composite_baseline,2023_01_TEN_NO,2023,1,ats,NO,True,,71.4797699806991,Moderate,True,-102.0,1.0,-1.0,loss,
composite_baseline,2023_01_TEN_NO,2023,1,moneyline,NO,True,,71.4797699806991,Moderate,True,-148.0,1.0,0.6756756756756757,win,0.11802350625860392
composite_baseline,2023_01_TEN_NO,2023,1,total,NO,True,under,71.4797699806991,Moderate,True,-110.0,1.0,0.9090909090909091,win,
composite_baseline,2023_01_BUF_NYJ,2023,1,ats,BUF,False,,71.20976873053561,Moderate,True,-110.0,1.0,-1.0,loss,
composite_baseline,2023_01_BUF_NYJ,2023,1,moneyline,BUF,False,,71.20976873053561,Moderate,True,-135.0,1.0,-1.0,loss,0.13762960219897313
composite_baseline,2023_01_BUF_NYJ,2023,1,total,BUF,False,under,71.20976873053561,Moderate,True,-110.0,1.0,0.9090909090909091,win,
composite_baseline,2023_02_BAL_CIN,2023,2,ats,CIN,True,,70.18511958821506,Moderate,True,-102.0,1.0,-1.0,loss,
composite_baseline,2023_02_BAL_CIN,2023,2,moneyline,CIN,True,,70.18511958821506,Moderate,True,-175.0,1.0,-1.0,loss,0.06548755951851426
composite_baseline,2023_02_BAL_CIN,2023,2,total,CIN,True,under,70.18511958821506,Moderate,True,-110.0,1.0,-1.0,loss,
composite_baseline,2023_02_LAC_TEN,2023,2,ats,LAC,False,,76.94148494182464,Moderate,True,-118.0,1.0,-1.0,loss,
composite_baseline,2023_02_LAC_TEN,2023,2,moneyline,LAC,False,,76.94148494182464,Moderate,True,-142.0,1.0,-1.0,loss,0.18263798991411417
composite_baseline,2023_02_LAC_TEN,2023,2,total,LAC,False,under,76.94148494182464,Moderate,True,-110.0,1.0,-1.0,loss,
composite_baseline,2023_02_LV_BUF,2023,2,ats,BUF,True,,75.1678796104331,Moderate,True,-110.0,1.0,0.9090909090909091,win,
composite_baseline,2023_02_SEA_DET,2023,2,ats,DET,True,,80.37036611392473,Strong,True,-110.0,1.0,-1.0,loss,
composite_baseline,2023_02_SEA_DET,2023,2,moneyline,DET,True,,80.37036611392473,Strong,True,-218.0,1.0,-1.0,loss,0.11816906994427878
composite_baseline,2023_02_SEA_DET,2023,2,total,DET,True,under,80.37036611392473,Strong,True,-110.0,1.0,-1.0,loss,
composite_baseline,2023_02_SF_LA,2023,2,ats,SF,False,,74.06474443799223,Moderate,True,-105.0,1.0,-1.0,loss,
composite_baseline,2023_03_NYG_SF,2023,3,ats,SF,True,,70.13948401883566,Moderate,True,-115.0,1.0,0.8695652173913043,win,
composite_baseline,2023_03_NYG_SF,2023,3,total,SF,True,over,70.13948401883566,Moderate,True,-110.0,1.0,-1.0,loss,
composite_baseline,2023_03_DEN_MIA,2023,3,ats,MIA,True,,72.59579703588508,Moderate,True,-110.0,1.0,0.9090909090909091,win,
composite_baseline,2023_03_DEN_MIA,2023,3,moneyline,MIA,True,,72.59579703588508,Moderate,True,-250.0,1.0,0.4,win,0.011672256073136489
composite_baseline,2023_03_DEN_MIA,2023,3,total,MIA,True,over,72.59579703588508,Moderate,True,-110.0,1.0,0.9090909090909091,win,
composite_baseline,2023_03_HOU_JAX,2023,3,ats,JAX,True,,80.13347013180149,Strong,True,-110.0,1.0,-1.0,loss,
composite_baseline,2023_03_HOU_JAX,2023,3,moneyline,JAX,True,,80.13347013180149,Strong,True,-380.0,1.0,-1.0,loss,0.009668034651348245
composite_baseline,2023_03_HOU_JAX,2023,3,total,JAX,True,over,80.13347013180149,Strong,True,-110.0,1.0,0.9090909090909091,win,
composite_baseline,2023_03_IND_BAL,2023,3,ats,BAL,True,,72.17323334396568,Moderate,True,-110.0,1.0,-1.0,loss,
composite_baseline,2023_03_TEN_CLE,2023,3,ats,CLE,True,,70.45756427578789,Moderate,True,-110.0,1.0,0.9090909090909091,win,
composite_baseline,2023_03_TEN_CLE,2023,3,moneyline,CLE,True,,70.45756427578789,Moderate,True,-185.0,1.0,0.5405405405405406,win,0.055452835740334994
composite_baseline,2023_03_CHI_KC,2023,3,ats,KC,True,,89.98554697284497,Strong,True,-110.0,1.0,0.9090909090909091,win,
composite_baseline,2023_03_CHI_KC,2023,3,moneyline,KC,True,,89.98554697284497,Strong,True,-750.0,1.0,0.13333333333333333,win,0.01750252855197909
composite_baseline,2023_03_CHI_KC,2023,3,total,KC,True,under,89.98554697284497,Strong,True,-110.0,1.0,-1.0,loss,
composite_baseline,2023_03_DAL_ARI,2023,3,ats,DAL,False,,77.82212691508713,Moderate,True,-110.0,1.0,-1.0,loss,
composite_baseline,2023_03_DAL_ARI,2023,3,total,DAL,False,over,77.82212691508713,Moderate,True,-110.0,1.0,0.9090909090909091,win,
composite_baseline,2023_03_PIT_LV,2023,3,ats,PIT,False,,72.93880017813532,Moderate,False,-110.0,1.0,0.9090909090909091,win,
composite_baseline,2023_03_PIT_LV,2023,3,moneyline,PIT,False,,72.93880017813532,Moderate,False,124.0,1.0,1.24,win,0.28295943035278176
composite_baseline,2023_03_PIT_LV,2023,3,total,PIT,False,under,72.93880017813532,Moderate,False,-110.0,1.0,0.9090909090909091,win,
composite_baseline,2023_03_PHI_TB,2023,3,ats,PHI,False,,71.0959431134459,Moderate,True,-110.0,1.0,0.9090909090909091,win,
composite_baseline,2023_03_PHI_TB,2023,3,total,PHI,False,over,71.0959431134459,Moderate,True,-110.0,1.0,-1.0,loss,
composite_baseline,2023_04_WAS_PHI,2023,4,ats,PHI,True,,73.15297569142575,Moderate,True,-110.0,1.0,-1.0,loss,
composite_baseline,2023_04_WAS_PHI,2023,4,total,PHI,True,over,73.15297569142575,Moderate,True,-110.0,1.0,0.9090909090909091,win,
composite_baseline,2023_04_ARI_SF,2023,4,ats,SF,True,,76.65572884521438,Moderate,True,-112.0,1.0,0.8928571428571429,win,
composite_baseline,2023_04_ARI_SF,2023,4,total,SF,True,over,76.65572884521438,Moderate,True,-110.0,1.0,0.9090909090909091,win,
composite_baseline,2023_04_KC_NYJ,2023,4,ats,KC,False,,76.63262711531154,Moderate,True,-110.0,1.0,-1.0,loss,
composite_baseline,2023_04_KC_NYJ,2023,4,total,KC,False,under,76.63262711531154,Moderate,True,-110.0,1.0,-1.0,loss,
composite_baseline,2023_05_JAX_BUF,2023,5,ats,BUF,True,,70.87291663284432,Moderate,True,-110.0,1.0,-1.0,loss,
composite_baseline,2023_05_JAX_BUF,2023,5,total,BUF,True,under,70.87291663284432,Moderate,True,-110.0,1.0,0.9090909090909091,win,
composite_baseline,2023_05_BAL_PIT,2023,5,ats,BAL,False,,76.22486280618105,Moderate,True,-112.0,1.0,-1.0,loss,
composite_baseline,2023_05_BAL_PIT,2023,5,moneyline,BAL,False,,76.22486280618105,Moderate,True,-230.0,1.0,-1.0,loss,0.06527893109211347
composite_baseline,2023_05_BAL_PIT,2023,5,total,BAL,False,over,76.22486280618105,Moderate,True,-110.0,1.0,-1.0,loss,
composite_baseline,2023_05_CAR_DET,2023,5,ats,DET,True,,78.48654617066711,Moderate,True,-110.0,1.0,0.9090909090909091,win,
composite_baseline,2023_05_CAR_DET,2023,5,total,DET,True,over,78.48654617066711,Moderate,True,-110.0,1.0,0.9090909090909091,win,
composite_baseline,2023_05_NYG_MIA,2023,5,ats,MIA,True,,73.34474861802929,Moderate,True,-110.0,1.0,0.9090909090909091,win,
composite_baseline,2023_05_NYG_MIA,2023,5,total,MIA,True,over,73.34474861802929,Moderate,True,-110.0,1.0,-1.0,loss,
composite_baseline,2023_06_DEN_KC,2023,6,ats,KC,True,,80.02202418229238,Strong,True,-112.0,1.0,0.8928571428571429,win,
composite_baseline,2023_06_DEN_KC,2023,6,total,KC,True,over,80.02202418229238,Strong,True,-110.0,1.0,-1.0,loss,
composite_baseline,2023_06_BAL_TEN,2023,6,ats,BAL,False,,76.09861819230966,Moderate,True,-112.0,1.0,0.8928571428571429,win,
composite_baseline,2023_06_BAL_TEN,2023,6,moneyline,BAL,False,,76.09861819230966,Moderate,True,-250.0,1.0,0.4,win,0.046700467637382226
composite_baseline,2023_06_BAL_TEN,2023,6,total,BAL,False,under,76.09861819230966,Moderate,True,-110.0,1.0,0.9090909090909091,win,
composite_baseline,2023_06_CAR_MIA,2023,6,ats,MIA,True,,74.19423401579417,Moderate,True,-110.0,1.0,0.9090909090909091,win,
composite_baseline,2023_06_CAR_MIA,2023,6,total,MIA,True,over,74.19423401579417,Moderate,True,-110.0,1.0,0.9090909090909091,win,
composite_baseline,2023_06_PHI_NYJ,2023,6,ats,PHI,False,,70.2798313970548,Moderate,True,-115.0,1.0,-1.0,loss,
composite_baseline,2023_06_PHI_NYJ,2023,6,total,PHI,False,over,70.2798313970548,Moderate,True,-110.0,1.0,-1.0,loss,
composite_baseline,2023_06_NYG_BUF,2023,6,ats,BUF,True,,85.86809324744499,Strong,True,-110.0,1.0,-1.0,loss,
composite_baseline,2023_06_NYG_BUF,2023,6,total,BUF,True,over,85.86809324744499,Strong,True,-110.0,1.0,-1.0,loss,
composite_baseline,2023_07_BUF_NE,2023,7,ats,BUF,False,,78.6304710339454,Moderate,True,-110.0,1.0,-1.0,loss,
composite_baseline,2023_07_ARI_SEA,2023,7,ats,SEA,True,,73.68111089202971,Moderate,True,-108.0,1.0,0.9259259259259259,win,
composite_baseline,2023_07_ARI_SEA,2023,7,total,SEA,True,over,73.68111089202971,Moderate,True,-110.0,1.0,-1.0,loss,
composite_baseline,2023_07_LAC_KC,2023,7,ats,KC,True,,70.97901368534993,Moderate,True,-115.0,1.0,0.8695652173913043,win,
composite_baseline,2023_07_LAC_KC,2023,7,total,KC,True,under,70.97901368534993,Moderate,True,-110.0,1.0,0.9090909090909091,win,
composite_baseline,2023_07_SF_MIN,2023,7,ats,SF,False,,70.55414696691493,Moderate,True,-105.0,1.0,-1.0,loss,
composite_baseline,2023_08_TB_BUF,2023,8,ats,BUF,True,,71.10473403818366,Moderate,True,-108.0,1.0,-1.0,loss,
composite_baseline,2023_08_TB_BUF,2023,8,total,BUF,True,under,71.10473403818366,Moderate,True,-110.0,1.0,0.9090909090909091,win,
composite_baseline,2023_08_PHI_WAS,2023,8,ats,PHI,False,,74.62893875752357,Moderate,True,-110.0,1.0,0.0,push,
composite_baseline,2023_08_PHI_WAS,2023,8,total,PHI,False,over,74.62893875752357,Moderate,True,-110.0,1.0,0.9090909090909091,win,
composite_baseline,2023_08_BAL_ARI,2023,8,ats,BAL,False,,82.96504082727407,Strong,True,-110.0,1.0,-1.0,loss,
composite_baseline,2023_08_BAL_ARI,2023,8,total,BAL,False,under,82.96504082727407,Strong,True,-110.0,1.0,-1.0,loss,
composite_baseline,2023_08_CIN_SF,2023,8,ats,SF,True,,70.84388120764412,Moderate,False,-115.0,1.0,-1.0,loss,
composite_baseline,2023_08_CIN_SF,2023,8,moneyline,SF,True,,70.84388120764412,Moderate,False,-205.0,1.0,-1.0,loss,0.03630766453545753
composite_baseline,2023_08_CIN_SF,2023,8,total,SF,True,under,70.84388120764412,Moderate,False,-110.0,1.0,-1.0,loss,
composite_baseline,2023_08_KC_DEN,2023,8,ats,KC,False,,77.07901476801806,Moderate,True,-102.0,1.0,-1.0,loss,
composite_baseline,2023_08_LV_DET,2023,8,ats,DET,True,,74.78627101433834,Moderate,True,-110.0,1.0,0.9090909090909091,win,
composite_baseline,2023_08_LV_DET,2023,8,total,DET,True,under,74.78627101433834,Moderate,True,-110.0,1.0,0.9090909090909091,win,
composite_baseline,2023_09_ARI_CLE,2023,9,ats,CLE,True,,71.16021756642057,Moderate,True,-108.0,1.0,0.9259259259259259,win,
composite_baseline,2023_09_ARI_CLE,2023,9,total,CLE,True,over,71.16021756642057,Moderate,True,-110.0,1.0,-1.0,loss,
composite_baseline,2023_10_CLE_BAL,2023,10,ats,BAL,True,,74.24949391094243,Moderate,True,-108.0,1.0,-1.0,loss,
composite_baseline,2023_10_CLE_BAL,2023,10,moneyline,BAL,True,,74.24949391094243,Moderate,True,-258.0,1.0,-1.0,loss,0.021824548047971848
composite_baseline,2023_10_CLE_BAL,2023,10,total,BAL,True,over,74.24949391094243,Moderate,True,-110.0,1.0,0.9090909090909091,win,
composite_baseline,2023_10_NYG_DAL,2023,10,ats,DAL,True,,80.34763298262995,Strong,True,-112.0,1.0,0.8928571428571429,win,
composite_baseline,2023_10_NYG_DAL,2023,10,total,DAL,True,over,80.34763298262995,Strong,True,-110.0,1.0,0.9090909090909091,win,
composite_baseline,2023_10_DEN_BUF,2023,10,ats,BUF,True,,73.92027678864633,Moderate,True,-108.0,1.0,-1.0,loss,
composite_baseline,2023_11_CIN_BAL,2023,11,ats,BAL,True,,73.866431623169,Moderate,True,-108.0,1.0,0.9259259259259259,win,
composite_baseline,2023_11_CIN_BAL,2023,11,moneyline,BAL,True,,73.866431623169,Moderate,True,-205.0,1.0,0.4878048780487805,win,0.06653316869070647
composite_baseline,2023_11_CIN_BAL,2023,11,total,BAL,True,under,73.866431623169,Moderate,True,-110.0,1.0,-1.0,loss,
composite_baseline,2023_11_ARI_HOU,2023,11,ats,HOU,True,,73.26607383872583,Moderate,True,-112.0,1.0,-1.0,loss,
composite_baseline,2023_11_ARI_HOU,2023,11,moneyline,HOU,True,,73.26607383872583,Moderate,True,-250.0,1.0,0.4,win,0.018375024101544013
composite_baseline,2023_11_ARI_HOU,2023,11,total,HOU,True,under,73.26607383872583,Moderate,True,-110.0,1.0,0.9090909090909091,win,
composite_baseline,2023_11_DAL_CAR,2023,11,ats,DAL,False,,79.40558836130613,Moderate,True,-110.0,1.0,0.9090909090909091,win,
composite_baseline,2023_11_DAL_CAR,2023,11,total,DAL,False,over,79.40558836130613,Moderate,True,-110.0,1.0,0.0,push,
composite_baseline,2023_11_LV_MIA,2023,11,ats,MIA,True,,72.9423246743576,Moderate,True,-110.0,1.0,-1.0,loss,
composite_baseline,2023_11_LV_MIA,2023,11,total,MIA,True,over,72.9423246743576,Moderate,True,-110.0,1.0,-1.0,loss,
composite_baseline,2023_11_TB_SF,2023,11,ats,SF,True,,75.86974866599914,Moderate,True,-110.0,1.0,-1.0,loss,
composite_baseline,2023_11_NYJ_BUF,2023,11,ats,BUF,True,,74.37964120719076,Moderate,True,-112.0,1.0,0.8928571428571429,win,
composite_baseline,2023_12_WAS_DAL,2023,12,ats,DAL,True,,80.99142536047607,Strong,True,-110.0,1.0,0.9090909090909091,win,
composite_baseline,2023_12_KC_LV,2023,12,ats,KC,False,,71.85364788651407,Moderate,True,-110.0,1.0,0.9090909090909091,win,
composite_baseline,2023_12_KC_LV,2023,12,total,KC,False,under,71.85364788651407,Moderate,True,-110.0,1.0,-1.0,loss,
composite_baseline,2023_12_BAL_LAC,2023,12,ats,BAL,False,,72.5538504492115,Moderate,True,-115.0,1.0,0.8695652173913043,win,
composite_baseline,2023_12_BAL_LAC,2023,12,moneyline,BAL,False,,72.5538504492115,Moderate,True,-170.0,1.0,0.5882352941176471,win,0.09590887486248534
composite_baseline,2023_12_BAL_LAC,2023,12,total,BAL,False,under,72.5538504492115,Moderate,True,-110.0,1.0,0.9090909090909091,win,
composite_baseline,2023_13_SEA_DAL,2023,13,ats,DAL,True,,73.22829013703827,Moderate,True,-118.0,1.0,-1.0,loss,
composite_baseline,2023_13_SEA_DAL,2023,13,total,DAL,True,under,73.22829013703827,Moderate,True,-110.0,1.0,-1.0,loss,
composite_baseline,2023_13_ARI_PIT,2023,13,ats,PIT,True,,75.33593964743437,Moderate,True,-115.0,1.0,-1.0,loss,
composite_baseline,2023_13_ARI_PIT,2023,13,moneyline,PIT,True,,75.33593964743437,Moderate,True,-285.0,1.0,-1.0,loss,0.013099656214603406
composite_baseline,2023_13_ARI_PIT,2023,13,total,PIT,True,under,75.33593964743437,Moderate,True,-110.0,1.0,0.9090909090909091,win,
composite_baseline,2023_13_MIA_WAS,2023,13,ats,MIA,False,,74.0760206930604,Moderate,True,-112.0,1.0,0.8928571428571429,win,
composite_baseline,2023_13_MIA_WAS,2023,13,total,MIA,False,over,74.0760206930604,Moderate,True,-110.0,1.0,0.9090909090909091,win,
composite_baseline,2023_14_CAR_NO,2023,14,ats,NO,True,,74.63856935249932,Moderate,False,-110.0,1.0,0.9090909090909091,win,
composite_baseline,2023_14_CAR_NO,2023,14,moneyline,NO,True,,74.63856935249932,Moderate,False,-245.0,1.0,0.40816326530612246,win,0.03624076598876125
composite_baseline,2023_14_CAR_NO,2023,14,total,NO,True,over,74.63856935249932,Moderate,False,-110.0,1.0,-1.0,loss,
composite_baseline,2023_14_LA_BAL,2023,14,ats,BAL,True,,73.7668325307791,Moderate,True,-105.0,1.0,-1.0,loss,
composite_baseline,2023_14_LA_BAL,2023,14,total,BAL,True,over,73.7668325307791,Moderate,True,-110.0,1.0,0.9090909090909091,win,
composite_baseline,2023_14_SEA_SF,2023,14,ats,SF,True,,75.08225351382379,Moderate,True,-110.0,1.0,-1.0,loss,
composite_baseline,2023_14_SEA_SF,2023,14,total,SF,True,over,75.08225351382379,Moderate,True,-110.0,1.0,-1.0,loss,
composite_baseline,2023_14_TEN_MIA,2023,14,ats,MIA,True,,81.70761251512401,Strong,True,-110.0,1.0,-1.0,loss,
composite_baseline,2023_14_TEN_MIA,2023,14,total,MIA,True,over,81.70761251512401,Strong,True,-110.0,1.0,0.9090909090909091,win,
composite_baseline,2023_15_KC_NE,2023,15,ats,KC,False,,70.83958489092332,Moderate,True,-112.0,1.0,0.0,push,
composite_baseline,2023_15_KC_NE,2023,15,total,KC,False,under,70.83958489092332,Moderate,True,-110.0,1.0,-1.0,loss,
composite_baseline,2023_15_NYG_NO,2023,15,ats,NO,True,,70.68133459782885,Moderate,True,-112.0,1.0,0.8928571428571429,win,
composite_baseline,2023_15_NYJ_MIA,2023,15,ats,MIA,True,,72.18120368548125,Moderate,True,-105.0,1.0,0.9523809523809523,win,
composite_baseline,2023_15_NYJ_MIA,2023,15,total,MIA,True,over,72.18120368548125,Moderate,True,-110.0,1.0,-1.0,loss,
composite_baseline,2023_15_SF_ARI,2023,15,ats,SF,False,,82.72133928716096,Strong,True,-110.0,1.0,0.9090909090909091,win,
composite_baseline,2023_15_SF_ARI,2023,15,total,SF,False,under,82.72133928716096,Strong,True,-110.0,1.0,-1.0,loss,
composite_baseline,2023_15_WAS_LA,2023,15,ats,LA,True,,71.36762353146179,Moderate,True,-112.0,1.0,0.8928571428571429,win,
composite_baseline,2023_15_BAL_JAX,2023,15,ats,BAL,False,,72.0322911805835,Moderate,True,-110.0,1.0,0.9090909090909091,win,
composite_baseline,2023_15_BAL_JAX,2023,15,moneyline,BAL,False,,72.0322911805835,Moderate,True,-225.0,1.0,0.4444444444444444,win,0.028015219498142674
composite_baseline,2023_15_BAL_JAX,2023,15,total,BAL,False,over,72.0322911805835,Moderate,True,-110.0,1.0,-1.0,loss,
composite_baseline,2023_16_BUF_LAC,2023,16,ats,BUF,False,,75.5700868522879,Moderate,True,-105.0,1.0,-1.0,loss,
composite_baseline,2023_16_BUF_LAC,2023,16,total,BUF,False,over,75.5700868522879,Moderate,True,-110.0,1.0,0.9090909090909091,win,
composite_baseline,2023_16_ARI_CHI,2023,16,ats,CHI,True,,70.45826518584303,Moderate,True,-110.0,1.0,0.9090909090909091,win,
composite_baseline,2023_16_ARI_CHI,2023,16,moneyline,CHI,True,,70.45826518584303,Moderate,True,-218.0,1.0,0.45871559633027525,win,0.019048060663461763
composite_baseline,2023_16_ARI_CHI,2023,16,total,CHI,True,over,70.45826518584303,Moderate,True,-110.0,1.0,0.9090909090909091,win,
composite_baseline,2023_16_LV_KC,2023,16,ats,KC,True,,75.33719613336719,Moderate,True,-118.0,1.0,-1.0,loss,
composite_baseline,2023_16_NYG_PHI,2023,16,ats,PHI,True,,73.72166046305908,Moderate,True,-108.0,1.0,-1.0,loss,
composite_baseline,2023_16_NYG_PHI,2023,16,total,PHI,True,over,73.72166046305908,Moderate,True,-110.0,1.0,0.9090909090909091,win,
composite_baseline,2023_17_ARI_PHI,2023,17,ats,PHI,True,,78.46008888144375,Moderate,True,-110.0,1.0,-1.0,loss,
composite_baseline,2023_17_LA_NYG,2023,17,ats,LA,False,,72.66664980200478,Moderate,True,-112.0,1.0,-1.0,loss,
composite_baseline,2023_17_LA_NYG,2023,17,total,LA,False,under,72.66664980200478,Moderate,True,-110.0,1.0,-1.0,loss,
composite_baseline,2023_17_NE_BUF,2023,17,ats,BUF,True,,79.77432146291554,Moderate,True,-110.0,1.0,-1.0,loss,
composite_baseline,2023_17_SF_WAS,2023,17,ats,SF,False,,82.73514177830815,Strong,True,-115.0,1.0,0.8695652173913043,win,
composite_baseline,2023_18_PIT_BAL,2023,18,ats,BAL,True,,72.07267615183757,Moderate,False,-115.0,1.0,-1.0,loss,
composite_baseline,2023_18_PIT_BAL,2023,18,moneyline,BAL,True,,72.07267615183757,Moderate,False,130.0,1.0,-1.0,loss,0.2859441528227235
composite_baseline,2023_18_PIT_BAL,2023,18,total,BAL,True,over,72.07267615183757,Moderate,False,-110.0,1.0,-1.0,loss,
composite_baseline,2023_18_DAL_WAS,2023,18,ats,DAL,False,,80.16058743935844,Strong,True,-115.0,1.0,0.8695652173913043,win,
composite_baseline,2023_18_DAL_WAS,2023,18,total,DAL,False,over,80.16058743935844,Strong,True,-110.0,1.0,0.9090909090909091,win,
composite_baseline,2023_18_KC_LAC,2023,18,ats,KC,False,,74.38848335106007,Moderate,False,-115.0,1.0,0.8695652173913043,win,
composite_baseline,2023_18_KC_LAC,2023,18,moneyline,KC,False,,74.38848335106007,Moderate,False,154.0,1.0,1.54,win,0.3501840461090259
composite_baseline,2023_18_KC_LAC,2023,18,total,KC,False,over,74.38848335106007,Moderate,False,-110.0,1.0,-1.0,loss,
composite_baseline,2023_18_LA_SF,2023,18,ats,SF,True,,71.47032707241382,Moderate,True,-112.0,1.0,-1.0,loss,
composite_baseline,2023_18_LA_SF,2023,18,moneyline,SF,True,,71.47032707241382,Moderate,True,-245.0,1.0,-1.0,loss,0.004558343187906266
composite_baseline,2023_18_LA_SF,2023,18,total,SF,True,over,71.47032707241382,Moderate,True,-110.0,1.0,0.9090909090909091,win,
composite_baseline,2023_18_PHI_NYG,2023,18,ats,PHI,False,,70.55631086068645,Moderate,True,-112.0,1.0,-1.0,loss,
composite_baseline,2023_18_PHI_NYG,2023,18,moneyline,PHI,False,,70.55631086068645,Moderate,True,-238.0,1.0,-1.0,loss,0.001421096772544983
composite_baseline,2023_18_PHI_NYG,2023,18,total,PHI,False,over,70.55631086068645,Moderate,True,-110.0,1.0,-1.0,loss,
composite_baseline,2023_19_GB_DAL,2023,19,ats,DAL,True,,73.48280388001889,Moderate,False,-122.0,1.0,-1.0,loss,
composite_baseline,2023_19_GB_DAL,2023,19,total,DAL,True,under,73.48280388001889,Moderate,False,-110.0,1.0,-1.0,loss,
composite_baseline,2023_19_PIT_BUF,2023,19,ats,BUF,True,,77.34054166754393,Moderate,True,-112.0,1.0,0.8928571428571429,win,
composite_baseline,2023_19_PIT_BUF,2023,19,total,BUF,True,over,77.34054166754393,Moderate,True,-110.0,1.0,0.9090909090909091,win,
composite_baseline,2023_20_HOU_BAL,2023,20,ats,BAL,True,,77.0767118898119,Moderate,True,-105.0,1.0,0.9523809523809523,win,
composite_baseline,2023_20_GB_SF,2023,20,ats,SF,True,,80.50517729826933,Strong,True,-108.0,1.0,-1.0,loss,
composite_baseline,2023_20_GB_SF,2023,20,total,SF,True,under,80.50517729826933,Strong,True,-110.0,1.0,0.9090909090909091,win,
composite_baseline,2023_21_KC_BAL,2023,21,ats,BAL,True,,70.18923776705415,Moderate,True,-112.0,1.0,-1.0,loss,
composite_baseline,2023_21_KC_BAL,2023,21,moneyline,BAL,True,,70.18923776705415,Moderate,True,-218.0,1.0,-1.0,loss,0.016357786475572955
composite_baseline,2023_21_KC_BAL,2023,21,total,BAL,True,under,70.18923776705415,Moderate,True,-110.0,1.0,0.9090909090909091,win,
composite_baseline,2023_21_DET_SF,2023,21,ats,SF,True,,73.18391013824343,Moderate,True,100.0,1.0,-1.0,loss,
composite_baseline,2023_21_DET_SF,2023,21,total,SF,True,under,73.18391013824343,Moderate,True,-110.0,1.0,-1.0,loss,
composite_baseline,2024_01_ARI_BUF,2024,1,ats,BUF,True,,72.53423980232063,Moderate,True,-115.0,1.0,-1.0,loss,
composite_baseline,2024_01_ARI_BUF,2024,1,total,BUF,True,over,72.53423980232063,Moderate,True,-110.0,1.0,0.9090909090909091,win,
composite_baseline,2024_01_CAR_NO,2024,1,ats,NO,True,,71.24455800865103,Moderate,True,-112.0,1.0,0.8928571428571429,win,
composite_baseline,2024_01_CAR_NO,2024,1,moneyline,NO,True,,71.24455800865103,Moderate,True,-192.0,1.0,0.5208333333333334,win,0.05491133351116784
composite_baseline,2024_01_CAR_NO,2024,1,total,NO,True,under,71.24455800865103,Moderate,True,-110.0,1.0,-1.0,loss,
composite_baseline,2024_01_WAS_TB,2024,1,ats,TB,True,,79.50955287911495,Moderate,True,-108.0,1.0,0.9259259259259259,win,
composite_baseline,2024_01_WAS_TB,2024,1,moneyline,TB,True,,79.50955287911495,Moderate,True,-198.0,1.0,0.5050505050505051,win,0.1306659985898072
composite_baseline,2024_01_WAS_TB,2024,1,total,TB,True,over,79.50955287911495,Moderate,True,-110.0,1.0,0.9090909090909091,win,
composite_baseline,2024_02_LV_BAL,2024,2,ats,BAL,True,,76.84411485362837,Moderate,True,-108.0,1.0,-1.0,loss,
composite_baseline,2024_02_LV_BAL,2024,2,total,BAL,True,over,76.84411485362837,Moderate,True,-110.0,1.0,0.9090909090909091,win,
composite_baseline,2024_02_CIN_KC,2024,2,ats,KC,True,,71.85919671455298,Moderate,True,-115.0,1.0,-1.0,loss,
composite_baseline,2024_02_CIN_KC,2024,2,total,KC,True,under,71.85919671455298,Moderate,True,-110.0,1.0,-1.0,loss,
composite_baseline,2024_03_PHI_NO,2024,3,ats,NO,True,,73.57368930519725,Moderate,True,-115.0,1.0,-1.0,loss,
composite_baseline,2024_03_PHI_NO,2024,3,moneyline,NO,True,,73.57368930519725,Moderate,True,-142.0,1.0,-1.0,loss,0.14896003354784026
composite_baseline,2024_03_JAX_BUF,2024,3,ats,BUF,True,,75.71947515008374,Moderate,True,-112.0,1.0,0.8928571428571429,win,
composite_baseline,2024_03_JAX_BUF,2024,3,moneyline,BUF,True,,75.71947515008374,Moderate,True,-218.0,1.0,0.45871559633027525,win,0.07166016030586886
composite_baseline,2024_03_JAX_BUF,2024,3,total,BUF,True,under,75.71947515008374,Moderate,True,-110.0,1.0,-1.0,loss,
composite_baseline,2024_03_WAS_CIN,2024,3,ats,CIN,True,,73.63101698794323,Moderate,True,-105.0,1.0,-1.0,loss,
composite_baseline,2024_03_WAS_CIN,2024,3,total,CIN,True,over,73.63101698794323,Moderate,True,-110.0,1.0,0.9090909090909091,win,
composite_baseline,2024_04_DEN_NYJ,2024,4,ats,NYJ,True,,70.99060289790418,Moderate,True,-112.0,1.0,-1.0,loss,
composite_baseline,2024_04_DEN_NYJ,2024,4,total,NYJ,True,under,70.99060289790418,Moderate,True,-110.0,1.0,0.9090909090909091,win,
composite_baseline,2024_04_JAX_HOU,2024,4,ats,HOU,True,,70.31557560940469,Moderate,True,-112.0,1.0,-1.0,loss,
composite_baseline,2024_04_JAX_HOU,2024,4,total,HOU,True,under,70.31557560940469,Moderate,True,-110.0,1.0,0.9090909090909091,win,
composite_baseline,2024_04_NE_SF,2024,4,ats,SF,True,,70.86564325102378,Moderate,True,-108.0,1.0,0.9259259259259259,win,
composite_baseline,2024_04_NE_SF,2024,4,total,SF,True,under,70.86564325102378,Moderate,True,-110.0,1.0,-1.0,loss,
composite_baseline,2024_05_CAR_CHI,2024,5,ats,CHI,True,,71.83073564453873,Moderate,True,-112.0,1.0,0.8928571428571429,win,
composite_baseline,2024_05_CAR_CHI,2024,5,moneyline,CHI,True,,71.83073564453873,Moderate,True,-198.0,1.0,0.5050505050505051,win,0.053877826244045024
composite_baseline,2024_05_CAR_CHI,2024,5,total,CHI,True,over,71.83073564453873,Moderate,True,-110.0,1.0,0.9090909090909091,win,
composite_baseline,2024_05_ARI_SF,2024,5,ats,SF,True,,72.53443600994281,Moderate,True,-115.0,1.0,-1.0,loss,
composite_baseline,2024_07_CAR_WAS,2024,7,ats,WAS,True,,80.37712117984005,Strong,True,-120.0,1.0,0.8333333333333334,win,
composite_baseline,2024_07_CAR_WAS,2024,7,total,WAS,True,over,80.37712117984005,Strong,True,-110.0,1.0,-1.0,loss,
composite_baseline,2024_08_MIN_LA,2024,8,ats,MIN,False,,71.27119872542214,Moderate,True,-105.0,1.0,-1.0,loss,
composite_baseline,2024_08_MIN_LA,2024,8,moneyline,MIN,False,,71.27119872542214,Moderate,True,-155.0,1.0,-1.0,loss,0.10486884999931945
composite_baseline,2024_08_MIN_LA,2024,8,total,MIN,False,under,71.27119872542214,Moderate,True,-110.0,1.0,-1.0,loss,
composite_baseline,2024_08_BAL_CLE,2024,8,ats,BAL,False,,72.5549218694256,Moderate,True,-110.0,1.0,-1.0,loss,
composite_baseline,2024_08_BAL_CLE,2024,8,total,BAL,False,over,72.5549218694256,Moderate,True,-110.0,1.0,0.9090909090909091,win,
composite_baseline,2024_08_NYJ_NE,2024,8,ats,NYJ,False,,72.85863329075279,Moderate,True,-110.0,1.0,-1.0,loss,
composite_baseline,2024_08_NYJ_NE,2024,8,total,NYJ,False,under,72.85863329075279,Moderate,True,-110.0,1.0,-1.0,loss,
composite_baseline,2024_08_TEN_DET,2024,8,ats,DET,True,,77.20604776842718,Moderate,True,-115.0,1.0,0.8695652173913043,win,
composite_baseline,2024_08_TEN_DET,2024,8,total,DET,True,over,77.20604776842718,Moderate,True,-110.0,1.0,0.9090909090909091,win,
composite_baseline,2024_08_CAR_DEN,2024,8,ats,DEN,True,,83.9289721257011,Strong,True,-110.0,1.0,0.9090909090909091,win,
composite_baseline,2024_08_CAR_DEN,2024,8,total,DEN,True,over,83.9289721257011,Strong,True,-110.0,1.0,0.9090909090909091,win,
composite_baseline,2024_08_KC_LV,2024,8,ats,KC,False,,75.96337312560622,Moderate,True,-112.0,1.0,-1.0,loss,
composite_baseline,2024_08_DAL_SF,2024,8,ats,SF,True,,71.58781059941369,Moderate,True,-115.0,1.0,0.8695652173913043,win,
composite_baseline,2024_08_DAL_SF,2024,8,moneyline,SF,True,,71.58781059941369,Moderate,True,-238.0,1.0,0.42016806722689076,win,0.011736094159817245
composite_baseline,2024_08_NYG_PIT,2024,8,ats,PIT,True,,71.19675035529663,Moderate,False,-115.0,1.0,0.8695652173913043,win,
composite_baseline,2024_08_NYG_PIT,2024,8,total,PIT,True,under,71.19675035529663,Moderate,False,-110.0,1.0,-1.0,loss,
composite_baseline,2024_09_MIA_BUF,2024,9,ats,BUF,True,,78.64533553006589,Moderate,True,-110.0,1.0,-1.0,loss,
composite_baseline,2024_09_MIA_BUF,2024,9,moneyline,BUF,True,,78.64533553006589,Moderate,True,-285.0,1.0,0.3508771929824561,win,0.04619361504091868
composite_baseline,2024_09_MIA_BUF,2024,9,total,BUF,True,under,78.64533553006589,Moderate,True,-110.0,1.0,-1.0,loss,
composite_baseline,2024_09_JAX_PHI,2024,9,ats,PHI,True,,72.37595608349487,Moderate,True,-108.0,1.0,-1.0,loss,
composite_baseline,2024_09_IND_MIN,2024,9,ats,MIN,True,,71.41417553676001,Moderate,True,-110.0,1.0,0.9090909090909091,win,
composite_baseline,2024_09_IND_MIN,2024,9,total,MIN,True,under,71.41417553676001,Moderate,True,-110.0,1.0,0.9090909090909091,win,
composite_baseline,2024_10_CIN_BAL,2024,10,ats,BAL,True,,71.36246902812906,Moderate,True,-112.0,1.0,-1.0,loss,
composite_baseline,2024_10_MIN_JAX,2024,10,ats,MIN,False,,74.1778866156066,Moderate,True,-120.0,1.0,-1.0,loss,
composite_baseline,2024_10_MIN_JAX,2024,10,total,MIN,False,over,74.1778866156066,Moderate,True,-110.0,1.0,-1.0,loss,
composite_baseline,2024_10_NE_CHI,2024,10,ats,CHI,True,,72.53170366309033,Moderate,True,-110.0,1.0,-1.0,loss,
composite_baseline,2024_10_NE_CHI,2024,10,total,CHI,True,over,72.53170366309033,Moderate,True,-110.0,1.0,-1.0,loss,
composite_baseline,2024_10_PHI_DAL,2024,10,ats,PHI,False,,72.88647239956767,Moderate,True,-108.0,1.0,0.9259259259259259,win,
composite_baseline,2024_10_PHI_DAL,2024,10,total,PHI,False,over,72.88647239956767,Moderate,True,-110.0,1.0,-1.0,loss,
composite_baseline,2024_11_JAX_DET,2024,11,ats,DET,True,,82.53924401855407,Strong,True,-115.0,1.0,0.8695652173913043,win,
composite_baseline,2024_11_JAX_DET,2024,11,total,DET,True,over,82.53924401855407,Strong,True,-110.0,1.0,0.9090909090909091,win,
composite_baseline,2024_11_MIN_TEN,2024,11,ats,MIN,False,,70.16441331962524,Moderate,True,-118.0,1.0,0.847457627118644,win,
composite_baseline,2024_11_MIN_TEN,2024,11,total,MIN,False,over,70.16441331962524,Moderate,True,-110.0,1.0,-1.0,loss,
composite_baseline,2024_12_DAL_WAS,2024,12,ats,WAS,True,,80.09227438935014,Strong,True,-108.0,1.0,-1.0,loss,
composite_baseline,2024_12_DAL_WAS,2024,12,total,WAS,True,over,80.09227438935014,Strong,True,-110.0,1.0,0.9090909090909091,win,
composite_baseline,2024_12_DET_IND,2024,12,ats,DET,False,,73.05728228129314,Moderate,True,-122.0,1.0,0.819672131147541,win,
composite_baseline,2024_12_DET_IND,2024,12,total,DET,False,under,73.05728228129314,Moderate,True,-110.0,1.0,0.9090909090909091,win,
composite_baseline,2024_12_KC_CAR,2024,12,ats,KC,False,,80.24451851583694,Strong,True,-112.0,1.0,-1.0,loss,
composite_baseline,2024_12_KC_CAR,2024,12,total,KC,False,over,80.24451851583694,Strong,True,-110.0,1.0,0.9090909090909091,win,
composite_baseline,2024_12_DEN_LV,2024,12,ats,DEN,False,,76.07028846335781,Moderate,True,-105.0,1.0,0.9523809523809523,win,
composite_baseline,2024_12_DEN_LV,2024,12,moneyline,DEN,False,,76.07028846335781,Moderate,True,-278.0,1.0,0.3597122302158273,win,0.025253149183842694
composite_baseline,2024_12_DEN_LV,2024,12,total,DEN,False,over,76.07028846335781,Moderate,True,-110.0,1.0,0.9090909090909091,win,
composite_baseline,2024_13_CHI_DET,2024,13,ats,DET,True,,77.80467580441498,Moderate,True,-118.0,1.0,-1.0,loss,
composite_baseline,2024_13_CHI_DET,2024,13,total,DET,True,under,77.80467580441498,Moderate,True,-110.0,1.0,0.9090909090909091,win,
composite_baseline,2024_13_LV_KC,2024,13,ats,KC,True,,82.782750918704,Strong,True,-112.0,1.0,-1.0,loss,
composite_baseline,2024_13_LV_KC,2024,13,total,KC,True,over,82.782750918704,Strong,True,-110.0,1.0,-1.0,loss,
composite_baseline,2024_13_TB_CAR,2024,13,ats,TB,False,,75.0783082096403,Moderate,True,-115.0,1.0,-1.0,loss,
composite_baseline,2024_13_TB_CAR,2024,13,moneyline,TB,False,,75.0783082096403,Moderate,True,-290.0,1.0,0.3448275862068966,win,0.007193338506659375
composite_baseline,2024_13_TB_CAR,2024,13,total,TB,False,over,75.0783082096403,Moderate,True,-110.0,1.0,0.9090909090909091,win,
composite_baseline,2024_13_CLE_DEN,2024,13,ats,DEN,True,,74.0536347576729,Moderate,True,-112.0,1.0,0.8928571428571429,win,
composite_baseline,2024_13_CLE_DEN,2024,13,total,DEN,True,under,74.0536347576729,Moderate,True,-110.0,1.0,-1.0,loss,
composite_baseline,2024_14_ATL_MIN,2024,14,ats,MIN,True,,72.37809374397133,Moderate,True,-110.0,1.0,0.9090909090909091,win,
composite_baseline,2024_14_ATL_MIN,2024,14,moneyline,MIN,True,,72.37809374397133,Moderate,True,-250.0,1.0,0.4,win,0.009495223153998977
composite_baseline,2024_14_ATL_MIN,2024,14,total,MIN,True,under,72.37809374397133,Moderate,True,-110.0,1.0,-1.0,loss,
composite_baseline,2024_14_CAR_PHI,2024,14,ats,PHI,True,,85.77537763689627,Strong,True,-108.0,1.0,-1.0,loss,
composite_baseline,2024_14_CAR_PHI,2024,14,total,PHI,True,over,85.77537763689627,Strong,True,-110.0,1.0,-1.0,loss,
composite_baseline,2024_14_CLE_PIT,2024,14,ats,PIT,True,,73.855511498645,Moderate,True,-108.0,1.0,0.9259259259259259,win,
composite_baseline,2024_14_CLE_PIT,2024,14,moneyline,PIT,True,,73.855511498645,Moderate,True,-258.0,1.0,0.3875968992248062,win,0.017884723924997514
composite_baseline,2024_14_LV_TB,2024,14,ats,TB,True,,74.40275151179853,Moderate,True,-105.0,1.0,0.9523809523809523,win,
composite_baseline,2024_14_LV_TB,2024,14,total,TB,True,over,74.40275151179853,Moderate,True,-110.0,1.0,-1.0,loss,
composite_baseline,2024_15_BAL_NYG,2024,15,ats,BAL,False,,83.084427717327,Strong,True,-112.0,1.0,0.8928571428571429,win,
composite_baseline,2024_15_BAL_NYG,2024,15,total,BAL,False,over,83.084427717327,Strong,True,-110.0,1.0,0.9090909090909091,win,
composite_baseline,2024_15_IND_DEN,2024,15,ats,DEN,True,,70.50508434483265,Moderate,True,-115.0,1.0,0.8695652173913043,win,
composite_baseline,2024_15_IND_DEN,2024,15,moneyline,DEN,True,,70.50508434483265,Moderate,True,-238.0,1.0,0.42016806722689076,win,0.0009088316140070107
composite_baseline,2024_15_IND_DEN,2024,15,total,DEN,True,under,70.50508434483265,Moderate,True,-110.0,1.0,-1.0,loss,
composite_baseline,2024_15_NE_ARI,2024,15,ats,ARI,True,,70.71940643843021,Moderate,True,-112.0,1.0,0.8928571428571429,win,
composite_baseline,2024_15_NE_ARI,2024,15,total,ARI,True,under,70.71940643843021,Moderate,True,-110.0,1.0,-1.0,loss,
composite_baseline,2024_15_CHI_MIN,2024,15,ats,MIN,True,,74.00097586188713,Moderate,True,-105.0,1.0,0.9523809523809523,win,
composite_baseline,2024_16_PIT_BAL,2024,16,ats,BAL,True,,70.27622002360627,Moderate,True,-105.0,1.0,0.9523809523809523,win,
composite_baseline,2024_16_PIT_BAL,2024,16,total,BAL,True,over,70.27622002360627,Moderate,True,-110.0,1.0,0.9090909090909091,win,
composite_baseline,2024_16_DET_CHI,2024,16,ats,DET,False,,77.35553482984692,Moderate,True,-110.0,1.0,0.9090909090909091,win,
composite_baseline,2024_16_DET_CHI,2024,16,moneyline,DET,False,,77.35553482984692,Moderate,True,-340.0,1.0,0.29411764705882354,win,0.0008280755711964627
composite_baseline,2024_16_NE_BUF,2024,16,ats,BUF,True,,85.13202065811825,Strong,True,-110.0,1.0,-1.0,loss,
composite_baseline,2024_16_NO_GB,2024,16,ats,GB,True,,70.2354849258118,Moderate,True,-115.0,1.0,0.8695652173913043,win,
composite_baseline,2024_16_NO_GB,2024,16,total,GB,True,over,70.2354849258118,Moderate,True,-110.0,1.0,-1.0,loss,
composite_baseline,2024_17_CAR_TB,2024,17,ats,TB,True,,80.83372339658537,Strong,True,-115.0,1.0,0.8695652173913043,win,
composite_baseline,2024_17_CAR_TB,2024,17,total,TB,True,over,80.83372339658537,Strong,True,-110.0,1.0,0.9090909090909091,win,
composite_baseline,2024_17_DAL_PHI,2024,17,ats,PHI,True,,82.23156164615912,Strong,False,-108.0,1.0,0.9259259259259259,win,
composite_baseline,2024_17_DAL_PHI,2024,17,moneyline,PHI,True,,82.23156164615912,Strong,False,-325.0,1.0,0.3076923076923077,win,0.05760973410865011
composite_baseline,2024_17_DAL_PHI,2024,17,total,PHI,True,over,82.23156164615912,Strong,False,-110.0,1.0,0.9090909090909091,win,
composite_baseline,2024_17_NYJ_BUF,2024,17,ats,BUF,True,,73.5085920615401,Moderate,True,-115.0,1.0,0.8695652173913043,win,
composite_baseline,2024_17_NYJ_BUF,2024,17,total,BUF,True,over,73.5085920615401,Moderate,True,-110.0,1.0,0.9090909090909091,win,
composite_baseline,2024_18_CLE_BAL,2024,18,ats,BAL,True,,87.06264389818958,Strong,True,-115.0,1.0,0.8695652173913043,win,
composite_baseline,2024_18_CLE_BAL,2024,18,total,BAL,True,over,87.06264389818958,Strong,True,-110.0,1.0,0.9090909090909091,win,
composite_baseline,2024_18_BUF_NE,2024,18,ats,BUF,False,,82.16576772915853,Strong,True,-112.0,1.0,-1.0,loss,
composite_baseline,2024_18_BUF_NE,2024,18,moneyline,BUF,False,,82.16576772915853,Strong,True,-166.0,1.0,-1.0,loss,0.19759752691564547
composite_baseline,2024_18_BUF_NE,2024,18,total,BUF,False,over,82.16576772915853,Strong,True,-110.0,1.0,0.9090909090909091,win,
composite_baseline,2024_18_CAR_ATL,2024,18,ats,ATL,True,,74.34349038939145,Moderate,True,-115.0,1.0,-1.0,loss,
composite_baseline,2024_18_CHI_GB,2024,18,ats,GB,True,,74.51454856776783,Moderate,True,-105.0,1.0,-1.0,loss,
composite_baseline,2024_18_CHI_GB,2024,18,total,GB,True,over,74.51454856776783,Moderate,True,-110.0,1.0,0.9090909090909091,win,
composite_baseline,2024_18_NO_TB,2024,18,ats,TB,True,,75.09549987963236,Moderate,True,-118.0,1.0,-1.0,loss,
composite_baseline,2024_18_NO_TB,2024,18,total,TB,True,over,75.09549987963236,Moderate,True,-110.0,1.0,0.9090909090909091,win,
composite_baseline,2024_18_NYG_PHI,2024,18,ats,PHI,True,,84.58461872504363,Strong,False,-110.0,1.0,0.9090909090909091,win,
composite_baseline,2024_18_NYG_PHI,2024,18,moneyline,PHI,True,,84.58461872504363,Strong,False,-155.0,1.0,0.6451612903225806,win,0.23800304999553434
composite_baseline,2024_18_NYG_PHI,2024,18,total,PHI,True,over,84.58461872504363,Strong,False,-110.0,1.0,-1.0,loss,
composite_baseline,2024_19_PIT_BAL,2024,19,ats,BAL,True,,82.99086389111561,Strong,True,-108.0,1.0,0.9259259259259259,win,
composite_baseline,2024_19_PIT_BAL,2024,19,total,BAL,True,over,82.99086389111561,Strong,True,-110.0,1.0,-1.0,loss,
composite_baseline,2024_20_LA_PHI,2024,20,ats,PHI,True,,73.30034886538182,Moderate,True,-108.0,1.0,-1.0,loss,
composite_baseline,2025_01_DAL_PHI,2025,1,ats,PHI,True,,73.84665007342932,Moderate,False,-110.0,1.0,-1.0,loss,
composite_baseline,2025_01_DAL_PHI,2025,1,total,PHI,True,over,73.84665007342932,Moderate,False,-110.0,1.0,-1.0,loss,
composite_baseline,2025_01_CIN_CLE,2025,1,ats,CIN,False,,71.89131525631572,Moderate,True,-105.0,1.0,-1.0,loss,
composite_baseline,2025_01_CIN_CLE,2025,1,moneyline,CIN,False,,71.89131525631572,Moderate,True,-238.0,1.0,0.42016806722689076,win,0.014771140728837673
composite_baseline,2025_01_NYG_WAS,2025,1,ats,WAS,True,,79.35015736129681,Moderate,True,-112.0,1.0,0.8928571428571429,win,
composite_baseline,2025_01_NYG_WAS,2025,1,moneyline,WAS,True,,79.35015736129681,Moderate,True,-298.0,1.0,0.33557046979865773,win,0.04475785502000329
composite_baseline,2025_01_NYG_WAS,2025,1,total,WAS,True,over,79.35015736129681,Moderate,True,-110.0,1.0,-1.0,loss,
composite_baseline,2025_01_TEN_DEN,2025,1,ats,DEN,True,,84.15481051592326,Strong,True,-115.0,1.0,-1.0,loss,
composite_baseline,2025_01_TEN_DEN,2025,1,moneyline,DEN,True,,84.15481051592326,Strong,True,-455.0,1.0,0.21978021978021978,win,0.021728285339412845
composite_baseline,2025_01_TEN_DEN,2025,1,total,DEN,True,over,84.15481051592326,Strong,True,-110.0,1.0,-1.0,loss,
composite_baseline,2025_02_CHI_DET,2025,2,ats,DET,True,,74.80379357251456,Moderate,True,-110.0,1.0,0.9090909090909091,win,
composite_baseline,2025_02_CHI_DET,2025,2,moneyline,DET,True,,74.80379357251456,Moderate,True,-270.0,1.0,0.37037037037037035,win,0.018308205995415938
composite_baseline,2025_02_CHI_DET,2025,2,total,DET,True,over,74.80379357251456,Moderate,True,-110.0,1.0,0.9090909090909091,win,
composite_baseline,2025_02_CLE_BAL,2025,2,ats,BAL,True,,83.43900432268435,Strong,True,-115.0,1.0,0.8695652173913043,win,
composite_baseline,2025_02_CLE_BAL,2025,2,total,BAL,True,under,83.43900432268435,Strong,True,-110.0,1.0,-1.0,loss,
composite_baseline,2025_02_JAX_CIN,2025,2,ats,CIN,True,,72.66665079939233,Moderate,True,-105.0,1.0,0.9523809523809523,win,
composite_baseline,2025_02_JAX_CIN,2025,2,moneyline,CIN,True,,72.66665079939233,Moderate,True,-192.0,1.0,0.5208333333333334,win,0.06913226141858086
composite_baseline,2025_02_JAX_CIN,2025,2,total,CIN,True,under,72.66665079939233,Moderate,True,-110.0,1.0,-1.0,loss,
composite_baseline,2025_02_LA_TEN,2025,2,ats,LA,False,,71.67510565134711,Moderate,True,-108.0,1.0,0.9259259259259259,win,
composite_baseline,2025_02_LA_TEN,2025,2,moneyline,LA,False,,71.67510565134711,Moderate,True,-250.0,1.0,0.4,win,0.0024653422277567394
composite_baseline,2025_02_LA_TEN,2025,2,total,LA,False,over,71.67510565134711,Moderate,True,-110.0,1.0,0.9090909090909091,win,
composite_baseline,2025_02_NYG_DAL,2025,2,ats,DAL,True,,78.98598145195417,Moderate,True,-120.0,1.0,-1.0,loss,
composite_baseline,2025_02_NYG_DAL,2025,2,moneyline,DAL,True,,78.98598145195417,Moderate,True,-238.0,1.0,0.42016806722689076,win,0.08571780268522211
composite_baseline,2025_03_MIA_BUF,2025,3,ats,BUF,True,,77.36202477188671,Moderate,True,-110.0,1.0,-1.0,loss,
composite_baseline,2025_03_MIA_BUF,2025,3,total,BUF,True,under,77.36202477188671,Moderate,True,-110.0,1.0,-1.0,loss,
composite_baseline,2025_03_ATL_CAR,2025,3,ats,ATL,False,,74.07620027284678,Moderate,True,-105.0,1.0,-1.0,loss,
composite_baseline,2025_03_ATL_CAR,2025,3,moneyline,ATL,False,,74.07620027284678,Moderate,True,-225.0,1.0,-1.0,loss,0.048454310420775526
composite_baseline,2025_03_ATL_CAR,2025,3,total,ATL,False,over,74.07620027284678,Moderate,True,-110.0,1.0,-1.0,loss,
composite_baseline,2025_03_GB_CLE,2025,3,ats,GB,False,,76.73751000108888,Moderate,True,-102.0,1.0,-1.0,loss,
composite_baseline,2025_03_GB_CLE,2025,3,total,GB,False,over,76.73751000108888,Moderate,True,-110.0,1.0,-1.0,loss,
composite_baseline,2025_03_NYJ_TB,2025,3,ats,TB,True,,82.31606745869237,Strong,True,-115.0,1.0,-1.0,loss,
composite_baseline,2025_03_NYJ_TB,2025,3,moneyline,TB,True,,82.31606745869237,Strong,True,-345.0,1.0,0.2898550724637681,win,0.04787977571051927
composite_baseline,2025_03_NYJ_TB,2025,3,total,TB,True,over,82.31606745869237,Strong,True,-110.0,1.0,0.9090909090909091,win,
composite_baseline,2025_03_DET_BAL,2025,3,ats,BAL,True,,70.58727935106377,Moderate,True,-115.0,1.0,-1.0,loss,
composite_baseline,2025_03_DET_BAL,2025,3,total,BAL,True,over,70.58727935106377,Moderate,True,-110.0,1.0,0.9090909090909091,win,
composite_baseline,2025_04_CLE_DET,2025,4,ats,DET,True,,74.31428119136415,Moderate,True,-112.0,1.0,0.8928571428571429,win,
composite_baseline,2025_04_CLE_DET,2025,4,total,DET,True,over,74.31428119136415,Moderate,True,-110.0,1.0,-1.0,loss,
composite_baseline,2025_04_LAC_NYG,2025,4,ats,LAC,False,,83.2529097826678,Strong,True,-112.0,1.0,-1.0,loss,
composite_baseline,2025_04_LAC_NYG,2025,4,moneyline,LAC,False,,83.2529097826678,Strong,True,-285.0,1.0,-1.0,loss,0.09226935756693777
composite_baseline,2025_04_LAC_NYG,2025,4,total,LAC,False,under,83.2529097826678,Strong,True,-110.0,1.0,0.9090909090909091,win,
composite_baseline,2025_04_NO_BUF,2025,4,ats,BUF,True,,77.68205738246586,Moderate,True,-105.0,1.0,-1.0,loss,
composite_baseline,2025_04_NO_BUF,2025,4,total,BUF,True,over,77.68205738246586,Moderate,True,-110.0,1.0,0.9090909090909091,win,
composite_baseline,2025_04_GB_DAL,2025,4,ats,GB,False,,74.5248144712118,Moderate,True,-105.0,1.0,-1.0,loss,
composite_baseline,2025_04_GB_DAL,2025,4,total,GB,False,under,74.5248144712118,Moderate,True,-110.0,1.0,-1.0,loss,
composite_baseline,2025_04_CIN_DEN,2025,4,ats,DEN,True,,75.30484370110905,Moderate,True,-105.0,1.0,0.9523809523809523,win,
composite_baseline,2025_04_CIN_DEN,2025,4,total,DEN,True,over,75.30484370110905,Moderate,True,-110.0,1.0,-1.0,loss,
composite_baseline,2025_05_LV_IND,2025,5,ats,IND,True,,74.21658538195192,Moderate,True,-120.0,1.0,0.8333333333333334,win,
composite_baseline,2025_05_LV_IND,2025,5,total,IND,True,over,74.21658538195192,Moderate,True,-110.0,1.0,-1.0,loss,
composite_baseline,2025_05_TEN_ARI,2025,5,ats,ARI,True,,70.83830554489222,Moderate,True,-112.0,1.0,-1.0,loss,
composite_baseline,2025_05_DET_CIN,2025,5,ats,DET,False,,80.62072708648626,Strong,True,-102.0,1.0,0.9803921568627451,win,
composite_baseline,2025_05_DET_CIN,2025,5,total,DET,False,over,80.62072708648626,Strong,True,-110.0,1.0,0.9090909090909091,win,
composite_baseline,2025_05_NE_BUF,2025,5,ats,BUF,True,,71.44375557122557,Moderate,True,-115.0,1.0,-1.0,loss,
composite_baseline,2025_05_NE_BUF,2025,5,total,BUF,True,over,71.44375557122557,Moderate,True,-110.0,1.0,-1.0,loss,
composite_baseline,2025_06_PHI_NYG,2025,6,ats,PHI,False,,74.30476727627233,Moderate,True,-120.0,1.0,-1.0,loss,
composite_baseline,2025_06_PHI_NYG,2025,6,total,PHI,False,over,74.30476727627233,Moderate,True,-110.0,1.0,0.9090909090909091,win,
composite_baseline,2025_06_DEN_NYJ,2025,6,ats,DEN,False,,73.70139330222534,Moderate,True,100.0,1.0,-1.0,loss,
composite_baseline,2025_06_DEN_NYJ,2025,6,total,DEN,False,over,73.70139330222534,Moderate,True,-110.0,1.0,-1.0,loss,
composite_baseline,2025_06_ARI_IND,2025,6,ats,IND,True,,77.11542743136926,Moderate,True,-110.0,1.0,-1.0,loss,
composite_baseline,2025_06_ARI_IND,2025,6,total,IND,True,under,77.11542743136926,Moderate,True,-110.0,1.0,-1.0,loss,
composite_baseline,2025_06_LA_BAL,2025,6,ats,LA,False,,74.48944717245085,Moderate,True,-105.0,1.0,0.9523809523809523,win,
composite_baseline,2025_06_LA_BAL,2025,6,total,LA,False,over,74.48944717245085,Moderate,True,-110.0,1.0,-1.0,loss,
composite_baseline,2025_06_CIN_GB,2025,6,ats,GB,True,,86.51903238470841,Strong,True,-110.0,1.0,-1.0,loss,
composite_baseline,2025_06_CIN_GB,2025,6,total,GB,True,over,86.51903238470841,Strong,True,-110.0,1.0,0.9090909090909091,win,
composite_baseline,2025_07_PIT_CIN,2025,7,ats,PIT,False,,71.40743092936614,Moderate,True,-105.0,1.0,-1.0,loss,
composite_baseline,2025_07_PIT_CIN,2025,7,moneyline,PIT,False,,71.40743092936614,Moderate,True,-245.0,1.0,-1.0,loss,0.0039293817574295176
composite_baseline,2025_07_LV_KC,2025,7,ats,KC,True,,79.77863287319585,Moderate,True,-105.0,1.0,0.9523809523809523,win,
composite_baseline,2025_07_NYG_DEN,2025,7,ats,DEN,True,,74.95416765971414,Moderate,True,-115.0,1.0,-1.0,loss,
composite_baseline,2025_07_NYG_DEN,2025,7,total,DEN,True,over,74.95416765971414,Moderate,True,-110.0,1.0,0.9090909090909091,win,
composite_baseline,2025_07_GB_ARI,2025,7,ats,GB,False,,71.20807281520263,Moderate,True,-115.0,1.0,-1.0,loss,
composite_baseline,2025_07_TB_DET,2025,7,ats,DET,True,,70.37707385344633,Moderate,True,-108.0,1.0,0.9259259259259259,win,
composite_baseline,2025_08_MIA_ATL,2025,8,ats,ATL,True,,73.79712237208581,Moderate,False,-105.0,1.0,-1.0,loss,
composite_baseline,2025_08_TEN_IND,2025,8,ats,IND,True,,82.46269123672964,Strong,True,-105.0,1.0,0.9523809523809523,win,
composite_baseline,2025_08_WAS_KC,2025,8,ats,KC,True,,70.15858040889698,Moderate,True,-115.0,1.0,0.8695652173913043,win,
composite_baseline,2025_08_WAS_KC,2025,8,total,KC,True,under,70.15858040889698,Moderate,True,-110.0,1.0,0.9090909090909091,win,
composite_baseline,2025_09_ATL_NE,2025,9,ats,NE,True,,70.4208314684815,Moderate,True,-110.0,1.0,-1.0,loss,
composite_baseline,2025_09_ATL_NE,2025,9,total,NE,True,under,70.4208314684815,Moderate,True,-110.0,1.0,-1.0,loss,
composite_baseline,2025_09_CAR_GB,2025,9,ats,GB,True,,78.48170823308376,Moderate,True,-118.0,1.0,-1.0,loss,
composite_baseline,2025_09_CAR_GB,2025,9,total,GB,True,over,78.48170823308376,Moderate,True,-110.0,1.0,-1.0,loss,
composite_baseline,2025_09_LAC_TEN,2025,9,ats,LAC,False,,75.68934598767213,Moderate,True,-112.0,1.0,-1.0,loss,
composite_baseline,2025_09_MIN_DET,2025,9,ats,DET,True,,77.45006723432034,Moderate,True,-112.0,1.0,-1.0,loss,
composite_baseline,2025_09_MIN_DET,2025,9,total,DET,True,over,77.45006723432034,Moderate,True,-110.0,1.0,0.9090909090909091,win,
composite_baseline,2025_09_NO_LA,2025,9,ats,LA,True,,83.29250627457134,Strong,True,-115.0,1.0,0.8695652173913043,win,
composite_baseline,2025_09_NO_LA,2025,9,total,LA,True,under,83.29250627457134,Strong,True,-110.0,1.0,0.9090909090909091,win,
composite_baseline,2025_10_LV_DEN,2025,10,ats,DEN,True,,83.632290668055,Strong,True,-108.0,1.0,-1.0,loss,
composite_baseline,2025_10_LV_DEN,2025,10,moneyline,DEN,True,,83.632290668055,Strong,True,-500.0,1.0,0.2,win,0.002989573347216723
composite_baseline,2025_10_ATL_IND,2025,10,ats,IND,True,,76.0439155664435,Moderate,True,-108.0,1.0,-1.0,loss,
composite_baseline,2025_10_ATL_IND,2025,10,moneyline,IND,True,,76.0439155664435,Moderate,True,-310.0,1.0,0.3225806451612903,win,0.004341594688825223
composite_baseline,2025_10_ATL_IND,2025,10,total,IND,True,under,76.0439155664435,Moderate,True,-110.0,1.0,-1.0,loss,
composite_baseline,2025_10_BUF_MIA,2025,10,ats,BUF,False,,80.6139654924479,Strong,True,-105.0,1.0,-1.0,loss,
composite_baseline,2025_10_BUF_MIA,2025,10,total,BUF,False,under,80.6139654924479,Strong,True,-110.0,1.0,0.9090909090909091,win,
composite_baseline,2025_10_NYG_CHI,2025,10,ats,CHI,True,,70.12101078433281,Moderate,True,-112.0,1.0,-1.0,loss,
composite_baseline,2025_10_NYG_CHI,2025,10,moneyline,CHI,True,,70.12101078433281,Moderate,True,-218.0,1.0,0.45871559633027525,win,0.015675516648359533
composite_baseline,2025_10_NYG_CHI,2025,10,total,CHI,True,over,70.12101078433281,Moderate,True,-110.0,1.0,-1.0,loss,
composite_baseline,2025_10_ARI_SEA,2025,10,ats,SEA,True,,70.99587539705624,Moderate,True,-105.0,1.0,0.9523809523809523,win,
composite_baseline,2025_10_ARI_SEA,2025,10,total,SEA,True,over,70.99587539705624,Moderate,True,-110.0,1.0,0.9090909090909091,win,
composite_baseline,2025_10_DET_WAS,2025,10,ats,DET,False,,70.95330737947488,Moderate,True,-105.0,1.0,0.9523809523809523,win,
composite_baseline,2025_10_LA_SF,2025,10,ats,LA,False,,73.07457270685403,Moderate,True,-115.0,1.0,0.8695652173913043,win,
composite_baseline,2025_10_LA_SF,2025,10,moneyline,LA,False,,73.07457270685403,Moderate,True,-258.0,1.0,0.3875968992248062,win,0.010075336007087765
composite_baseline,2025_10_LA_SF,2025,10,total,LA,False,under,73.07457270685403,Moderate,True,-110.0,1.0,-1.0,loss,
composite_baseline,2025_11_NYJ_NE,2025,11,ats,NE,True,,74.70925276885507,Moderate,True,-115.0,1.0,0.8695652173913043,win,
composite_baseline,2025_11_NYJ_NE,2025,11,total,NE,True,over,74.70925276885507,Moderate,True,-110.0,1.0,-1.0,loss,
composite_baseline,2025_11_GB_NYG,2025,11,ats,GB,False,,76.39879398715522,Moderate,True,-110.0,1.0,-1.0,loss,
composite_baseline,2025_11_GB_NYG,2025,11,total,GB,False,over,76.39879398715522,Moderate,True,-110.0,1.0,0.9090909090909091,win,
composite_baseline,2025_11_HOU_TEN,2025,11,ats,HOU,False,,71.87949672898384,Moderate,False,-108.0,1.0,-1.0,loss,
composite_baseline,2025_11_HOU_TEN,2025,11,total,HOU,False,over,71.87949672898384,Moderate,False,-110.0,1.0,-1.0,loss,
composite_baseline,2025_12_MIN_GB,2025,12,ats,GB,True,,70.78658455740282,Moderate,True,-108.0,1.0,0.9259259259259259,win,
composite_baseline,2025_12_MIN_GB,2025,12,total,GB,True,over,70.78658455740282,Moderate,True,-110.0,1.0,-1.0,loss,
composite_baseline,2025_12_NE_CIN,2025,12,ats,NE,False,,70.68335702857428,Moderate,True,-108.0,1.0,-1.0,loss,
composite_baseline,2025_12_NYG_DET,2025,12,ats,DET,True,,81.34904602960013,Strong,True,-105.0,1.0,-1.0,loss,
composite_baseline,2025_12_SEA_TEN,2025,12,ats,SEA,False,,81.22252727977957,Strong,True,-115.0,1.0,-1.0,loss,
composite_baseline,2025_12_SEA_TEN,2025,12,total,SEA,False,over,81.22252727977957,Strong,True,-110.0,1.0,0.9090909090909091,win,
composite_baseline,2025_12_TB_LA,2025,12,ats,LA,True,,75.12707144403832,Moderate,True,-110.0,1.0,0.9090909090909091,win,
composite_baseline,2025_12_TB_LA,2025,12,total,LA,True,under,75.12707144403832,Moderate,True,-110.0,1.0,0.9090909090909091,win,
composite_baseline,2025_13_CIN_BAL,2025,13,ats,BAL,True,,73.3121711968491,Moderate,True,-120.0,1.0,-1.0,loss,
composite_baseline,2025_13_JAX_TEN,2025,13,ats,JAX,False,,70.29155936992677,Moderate,True,-108.0,1.0,0.9259259259259259,win,
composite_baseline,2025_13_JAX_TEN,2025,13,total,JAX,False,over,70.29155936992677,Moderate,True,-110.0,1.0,-1.0,loss,
composite_baseline,2025_13_LA_CAR,2025,13,ats,LA,False,,81.2689793060364,Strong,True,-110.0,1.0,-1.0,loss,
composite_baseline,2025_13_LA_CAR,2025,13,total,LA,False,under,81.2689793060364,Strong,True,-110.0,1.0,-1.0,loss,
composite_baseline,2025_13_MIN_SEA,2025,13,ats,SEA,True,,77.5597496944206,Moderate,True,-110.0,1.0,0.9090909090909091,win,
composite_baseline,2025_13_MIN_SEA,2025,13,total,SEA,True,over,77.5597496944206,Moderate,True,-110.0,1.0,-1.0,loss,
composite_baseline,2025_13_LV_LAC,2025,13,ats,LAC,True,,77.78104478249791,Moderate,True,-105.0,1.0,0.9523809523809523,win,
composite_baseline,2025_13_LV_LAC,2025,13,total,LAC,True,over,77.78104478249791,Moderate,True,-110.0,1.0,0.9090909090909091,win,
composite_baseline,2025_13_NYG_NE,2025,13,ats,NE,True,,70.01640402283786,Moderate,True,-115.0,1.0,0.8695652173913043,win,
composite_baseline,2025_13_NYG_NE,2025,13,total,NE,True,over,70.01640402283786,Moderate,True,-110.0,1.0,0.9090909090909091,win,
composite_baseline,2025_14_CIN_BUF,2025,14,ats,BUF,True,,81.19339986108804,Strong,True,-112.0,1.0,-1.0,loss,
composite_baseline,2025_14_CIN_BUF,2025,14,moneyline,BUF,True,,81.19339986108804,Strong,True,-285.0,1.0,0.3508771929824561,win,0.07167425835114016
composite_baseline,2025_14_CIN_BUF,2025,14,total,BUF,True,under,81.19339986108804,Strong,True,-110.0,1.0,-1.0,loss,
composite_baseline,2025_14_SEA_ATL,2025,14,ats,SEA,False,,72.19102185553332,Moderate,True,100.0,1.0,1.0,win,
composite_baseline,2025_14_DEN_LV,2025,14,ats,DEN,False,,77.77179702705259,Moderate,True,-110.0,1.0,-1.0,loss,
composite_baseline,2025_14_CHI_GB,2025,14,ats,GB,True,,70.44302818286612,Moderate,True,-115.0,1.0,0.8695652173913043,win,
composite_baseline,2025_14_CHI_GB,2025,14,total,GB,True,over,70.44302818286612,Moderate,True,-110.0,1.0,0.9090909090909091,win,
composite_baseline,2025_14_LA_ARI,2025,14,ats,LA,False,,76.507720597103,Moderate,True,-110.0,1.0,0.9090909090909091,win,
composite_baseline,2025_14_LA_ARI,2025,14,total,LA,False,under,76.507720597103,Moderate,True,-110.0,1.0,-1.0,loss,
composite_baseline,2025_15_ARI_HOU,2025,15,ats,HOU,True,,72.38786911704159,Moderate,True,-110.0,1.0,0.9090909090909091,win,
composite_baseline,2025_15_LV_PHI,2025,15,ats,PHI,True,,78.49113641259883,Moderate,True,-112.0,1.0,0.8928571428571429,win,
composite_baseline,2025_15_LV_PHI,2025,15,total,PHI,True,over,78.49113641259883,Moderate,True,-110.0,1.0,-1.0,loss,
composite_baseline,2025_15_NYJ_JAX,2025,15,ats,JAX,True,,80.6952020507921,Strong,True,-115.0,1.0,0.8695652173913043,win,
composite_baseline,2025_15_NYJ_JAX,2025,15,total,JAX,True,over,80.6952020507921,Strong,True,-110.0,1.0,0.9090909090909091,win,
composite_baseline,2025_15_TEN_SF,2025,15,ats,SF,True,,76.6389559129872,Moderate,False,-112.0,1.0,0.8928571428571429,win,
composite_baseline,2025_16_KC_TEN,2025,16,ats,KC,False,,79.01564543503711,Moderate,True,100.0,1.0,-1.0,loss,
composite_baseline,2025_16_KC_TEN,2025,16,moneyline,KC,False,,79.01564543503711,Moderate,True,-185.0,1.0,-1.0,loss,0.1410336473328273
composite_baseline,2025_16_KC_TEN,2025,16,total,KC,False,over,79.01564543503711,Moderate,True,-110.0,1.0,-1.0,loss,
composite_baseline,2025_16_LV_HOU,2025,16,ats,HOU,True,,79.91130583008432,Moderate,True,-105.0,1.0,-1.0,loss,
composite_baseline,2025_17_BAL_GB,2025,17,ats,GB,True,,70.9063346219422,Moderate,False,-112.0,1.0,-1.0,loss,
composite_baseline,2025_17_BAL_GB,2025,17,moneyline,GB,True,,70.9063346219422,Moderate,False,-142.0,1.0,-1.0,loss,0.12228648671528963
composite_baseline,2025_17_BAL_GB,2025,17,total,GB,True,over,70.9063346219422,Moderate,False,-110.0,1.0,0.9090909090909091,win,
composite_baseline,2025_17_NE_NYJ,2025,17,ats,NE,False,,73.41878166968097,Moderate,True,-120.0,1.0,0.8333333333333334,win,
composite_baseline,2025_17_NE_NYJ,2025,17,total,NE,False,over,73.41878166968097,Moderate,True,-110.0,1.0,0.9090909090909091,win,
composite_baseline,2025_17_SEA_CAR,2025,17,ats,SEA,False,,77.07839195137817,Moderate,True,-118.0,1.0,0.847457627118644,win,
composite_baseline,2025_17_SEA_CAR,2025,17,moneyline,SEA,False,,77.07839195137817,Moderate,True,-305.0,1.0,0.32786885245901637,win,0.017697499760695234
composite_baseline,2025_17_SEA_CAR,2025,17,total,SEA,False,over,77.07839195137817,Moderate,True,-110.0,1.0,-1.0,loss,
composite_baseline,2025_17_LA_ATL,2025,17,ats,LA,False,,76.66140418024246,Moderate,True,-102.0,1.0,-1.0,loss,
composite_baseline,2025_17_LA_ATL,2025,17,total,LA,False,under,76.66140418024246,Moderate,True,-110.0,1.0,-1.0,loss,
composite_baseline,2025_18_TEN_JAX,2025,18,ats,JAX,True,,80.55091188618286,Strong,True,-110.0,1.0,0.9090909090909091,win,
composite_baseline,2025_18_ARI_LA,2025,18,ats,LA,True,,83.40993499422937,Strong,True,-105.0,1.0,0.9523809523809523,win,
composite_baseline,2025_18_KC_LV,2025,18,ats,KC,False,,75.40189796297744,Moderate,True,-112.0,1.0,-1.0,loss,
composite_baseline,2025_18_KC_LV,2025,18,moneyline,KC,False,,75.40189796297744,Moderate,True,-225.0,1.0,-1.0,loss,0.0617112873220822
composite_baseline,2025_18_KC_LV,2025,18,total,KC,False,over,75.40189796297744,Moderate,True,-110.0,1.0,-1.0,loss,
composite_baseline,2025_18_MIA_NE,2025,18,ats,NE,True,,75.6036941009992,Moderate,True,-108.0,1.0,0.9259259259259259,win,
composite_baseline,2025_18_MIA_NE,2025,18,total,NE,True,over,75.6036941009992,Moderate,True,-110.0,1.0,0.9090909090909091,win,
composite_baseline,2025_18_NYJ_BUF,2025,18,ats,BUF,True,,85.68708778207903,Strong,True,-108.0,1.0,0.9259259259259259,win,
composite_baseline,2025_18_NYJ_BUF,2025,18,total,BUF,True,over,85.68708778207903,Strong,True,-110.0,1.0,0.9090909090909091,win,
composite_baseline,2025_18_WAS_PHI,2025,18,ats,PHI,True,,72.85768880957721,Moderate,True,-115.0,1.0,-1.0,loss,
composite_baseline,2025_18_WAS_PHI,2025,18,moneyline,PHI,True,,72.85768880957721,Moderate,True,-180.0,1.0,-1.0,loss,0.08571974523862924
composite_baseline,2025_18_WAS_PHI,2025,18,total,PHI,True,over,72.85768880957721,Moderate,True,-110.0,1.0,0.9090909090909091,win,
composite_baseline,2025_19_LA_CAR,2025,19,ats,LA,False,,78.69459603068762,Moderate,True,-108.0,1.0,-1.0,loss,
composite_baseline,2025_19_LA_CAR,2025,19,total,LA,False,over,78.69459603068762,Moderate,True,-110.0,1.0,0.9090909090909091,win,
composite_baseline,2025_20_SF_SEA,2025,20,ats,SEA,True,,70.90195375048123,Moderate,False,-118.0,1.0,0.847457627118644,win,
composite_baseline,2025_20_SF_SEA,2025,20,total,SEA,True,over,70.90195375048123,Moderate,False,-110.0,1.0,0.9090909090909091,win,
